event_id,menu_hint,event_name,event_dt,selection_id,selection_name,win_lose,bsp,ppwap,morningwap,ppmax,ppmin,ipmax,ipmin,morningtradedvol,pptradedvol,iptradedvol
245555176,Scone (AUS) 14th Jul,To Be Placed,14-07-2025 07:05,73526914,3. Rail Trail,0,3.05000000,1.0000,2.1080,1.00,1001.00,1.00,1001.00,142.13,0.00,0.00
245584633,Hamilton (AUS) 14th Jul,To Be Placed,14-07-2025 05:53,69422516,7. Rockabilly Ringo,1,1.48000000,1.0000,1.4754,1.00,1001.00,1.00,1001.00,215.72,0.00,0.00
245586663,Globe Derby (AUS) 14th Jul,To Be Placed,14-07-2025 07:23,55755041,4. Jilliby Chambers,0,4.60000000,1.0000,3.7319,1.00,1001.00,1.00,1001.00,159.95,0.00,0.00
245556136,Mount Isa (AUS) 14th Jul,To Be Placed,14-07-2025 04:20,85813987,2. Regal Judgement,0,1.72355241,1.0000,1.5311,1.00,1001.00,1.00,1001.00,1366.98,0.00,0.00
245584637,Hamilton (AUS) 14th Jul,To Be Placed,14-07-2025 07:08,85815279,11. Treacherous Saint,0,66.17954545,1.0000,20.5616,1.00,1001.00,1.00,1001.00,6.16,0.00,0.00
245586727,Pinjarra (AUS) 14th Jul,To Be Placed,14-07-2025 09:16,38352155,3. Major Freeway,0,9.71828645,1.0000,3.2595,1.00,1001.00,1.00,1001.00,23.04,0.00,0.00
245586717,Pinjarra (AUS) 14th Jul,To Be Placed,14-07-2025 06:20,60736639,2. Tilthesunsets,0,12.50000000,1.0000,8.2704,1.00,1001.00,1.00,1001.00,8.55,0.00,0.00
245586667,Globe Derby (AUS) 14th Jul,To Be Placed,14-07-2025 08:32,28551690,9. Lincs Poor Boy,0,12.00000000,1.0000,6.0533,1.00,1001.00,1.00,1001.00,23.42,0.00,0.00
245586721,Pinjarra (AUS) 14th Jul,To Be Placed,14-07-2025 07:33,45169782,3. Jingling Jewels,0,17.00000000,1.0000,13.2355,1.00,1001.00,1.00,1001.00,104.96,0.00,0.00
245525879,Pakenham (AUS) 14th Jul,To Be Placed,14-07-2025 05:00,83446078,3. Heez De Man,0,7.00000000,1.0000,5.2930,1.00,1001.00,1.00,1001.00,174.41,0.00,0.00
245586655,Globe Derby (AUS) 14th Jul,To Be Placed,14-07-2025 05:03,85827743,6. Gym Junky,1,1.50380220,1.0000,1.3875,1.00,1001.00,1.00,1001.00,403.70,0.00,0.00
245586669,Globe Derby (AUS) 14th Jul,To Be Placed,14-07-2025 08:58,39428068,6. Grove Dale,0,11.00000000,1.0000,9.7315,1.00,1001.00,1.00,1001.00,34.11,0.00,0.00
245525903,Pakenham (AUS) 14th Jul,To Be Placed,14-07-2025 06:30,808220,7. Kings Coronation,1,2.66000000,1.0000,1.7171,1.00,1001.00,1.00,1001.00,2105.30,0.00,0.00
245555171,Scone (AUS) 14th Jul,To Be Placed,14-07-2025 06:25,78534807,2. So Country,0,3.95696691,1.0000,2.0631,1.00,1001.00,1.00,1001.00,164.09,0.00,0.00
245555166,Scone (AUS) 14th Jul,To Be Placed,14-07-2025 05:50,85813742,11. De Ma Vie,0,190.00000000,1.0000,14.4655,1.00,1001.00,1.00,1001.00,11.32,0.00,0.00
245584655,Redcliffe (AUS) 14th Jul,To Be Placed,14-07-2025 12:33,79561551,5. Wicked Mack,0,20.11830357,1.0000,1.0000,1.00,1001.00,1.00,1001.00,0.00,0.00,0.00
245586719,Pinjarra (AUS) 14th Jul,To Be Placed,14-07-2025 06:55,82414098,2. My Salina,0,8.00000000,1.0000,6.5668,1.00,1001.00,1.00,1001.00,57.48,0.00,0.00
245586671,Globe Derby (AUS) 14th Jul,To Be Placed,14-07-2025 09:26,28223702,1. Kabayo King,0,1.64000000,1.0000,1.5491,1.00,1001.00,1.00,1001.00,102.53,0.00,0.00
245584598,Menangle (AUS) 14th Jul,To Be Placed,14-07-2025 07:15,85827731,10. Our Saydie Kay,0,7.20000000,1.0000,6.6408,1.00,1001.00,1.00,1001.00,186.60,0.00,0.00
245586715,Pinjarra (AUS) 14th Jul,To Be Placed,14-07-2025 05:45,58102494,9. Karaoke Star,0,3.10000000,1.0000,2.6042,1.00,1001.00,1.00,1001.00,332.56,0.00,0.00
245525871,Pakenham (AUS) 14th Jul,To Be Placed,14-07-2025 04:30,5445140,9. Secret Fortune,0,1.53278039,1.0000,1.4016,1.00,1001.00,1.00,1001.00,2253.31,0.00,0.00
245584639,Hamilton (AUS) 14th Jul,To Be Placed,14-07-2025 07:47,83985256,4. Sweet Treats,0,19.50000000,1.0000,1.6940,1.00,1001.00,1.00,1001.00,2.68,0.00,0.00
245584637,Hamilton (AUS) 14th Jul,To Be Placed,14-07-2025 07:08,85815278,5. Harbour Springs,0,3.05000000,1.0000,1.6013,1.00,1001.00,1.00,1001.00,102.76,0.00,0.00
245586723,Pinjarra (AUS) 14th Jul,To Be Placed,14-07-2025 08:11,35934773,9. Im Eugene,0,15.00000000,1.0000,5.2543,1.00,1001.00,1.00,1001.00,22.61,0.00,0.00
245584639,Hamilton (AUS) 14th Jul,To Be Placed,14-07-2025 07:47,61558066,10. Case Forty Eight,0,28.00000000,1.0000,16.8932,1.00,1001.00,1.00,1001.00,47.60,0.00,0.00
245525879,Pakenham (AUS) 14th Jul,To Be Placed,14-07-2025 05:00,74079212,4. Positivo,1,5.20000000,1.0000,4.2680,1.00,1001.00,1.00,1001.00,427.17,0.00,0.00
245555151,Scone (AUS) 14th Jul,To Be Placed,14-07-2025 03:55,65557378,6. Hard Rattle,0,4.00000000,1.0000,2.9960,1.00,1001.00,1.00,1001.00,997.68,0.00,0.00
245586717,Pinjarra (AUS) 14th Jul,To Be Placed,14-07-2025 06:20,55176435,5. Quiggley,1,1.32000000,1.0000,1.2710,1.00,1001.00,1.00,1001.00,478.51,0.00,0.00
245525927,Pakenham (AUS) 14th Jul,To Be Placed,14-07-2025 08:00,72948689,11. Flying Straz,0,9.99429730,1.0000,6.3675,1.00,1001.00,1.00,1001.00,630.17,0.00,0.00
245555176,Scone (AUS) 14th Jul,To Be Placed,14-07-2025 07:05,85813745,16. St Roy,0,90.00000000,1.0000,10.6704,1.00,1001.00,1.00,1001.00,53.44,0.00,0.00
245584601,Menangle (AUS) 14th Jul,To Be Placed,14-07-2025 07:55,38828831,7. Twilight Heaven,1,2.40000000,1.0000,2.0192,1.00,1001.00,1.00,1001.00,280.05,0.00,0.00
245584586,Menangle (AUS) 14th Jul,To Be Placed,14-07-2025 04:50,68837892,9. Malibuu,1,1.62000000,1.0000,1.3707,1.00,1001.00,1.00,1001.00,111.16,0.00,0.00
245525911,Pakenham (AUS) 14th Jul,To Be Placed,14-07-2025 07:00,50141208,3. Saveadateforme,1,1.52000000,1.0000,1.3524,1.00,1001.00,1.00,1001.00,2837.36,0.00,0.00
245525887,Pakenham (AUS) 14th Jul,To Be Placed,14-07-2025 05:30,85854848,5. Dont Tell Harry,0,8.40000000,1.0000,6.2278,1.00,1001.00,1.00,1001.00,179.80,0.00,0.00
245584589,Menangle (AUS) 14th Jul,To Be Placed,14-07-2025 05:25,3551863,3. Tommys Luck,0,2.08119578,1.0000,1.9828,1.00,1001.00,1.00,1001.00,4653.12,0.00,0.00
245584647,Redcliffe (AUS) 14th Jul,To Be Placed,14-07-2025 10:41,41602517,8. Miss Hattie,1,1.62485956,1.0000,1.2531,1.00,1001.00,1.00,1001.00,542.48,0.00,0.00
245525863,Pakenham (AUS) 14th Jul,To Be Placed,14-07-2025 04:00,85854824,6. Zousouth,0,2.92000000,1.0000,2.5037,1.00,1001.00,1.00,1001.00,2438.54,0.00,0.00
245525863,Pakenham (AUS) 14th Jul,To Be Placed,14-07-2025 04:00,85854822,3. Punic War,0,9.10335425,1.0000,5.1972,1.00,1001.00,1.00,1001.00,381.28,0.00,0.00
245584592,Menangle (AUS) 14th Jul,To Be Placed,14-07-2025 06:03,12199924,1. Dream To Dance,0,11.00000000,1.0000,7.8589,1.00,1001.00,1.00,1001.00,8.42,0.00,0.00
245584586,Menangle (AUS) 14th Jul,To Be Placed,14-07-2025 04:50,42729313,4. Andover Sun,0,38.00000000,1.0000,13.7250,1.00,1001.00,1.00,1001.00,13.02,0.00,0.00
245584633,Hamilton (AUS) 14th Jul,To Be Placed,14-07-2025 05:53,20656273,3. Village Voice,0,12.00000000,1.0000,6.6270,1.00,1001.00,1.00,1001.00,32.08,0.00,0.00
245586723,Pinjarra (AUS) 14th Jul,To Be Placed,14-07-2025 08:11,23246989,8. Sundancer Rainbow,1,4.60000000,1.0000,4.0063,1.00,1001.00,1.00,1001.00,315.49,0.00,0.00
245584629,Hamilton (AUS) 14th Jul,To Be Placed,14-07-2025 04:42,85815273,3. Castles In The Sky,0,15.66244346,1.0000,9.4756,1.00,1001.00,1.00,1001.00,44.76,0.00,0.00
245586723,Pinjarra (AUS) 14th Jul,To Be Placed,14-07-2025 08:11,46652117,2. Spiritofanangel,0,3.30000000,1.0000,2.4855,1.00,1001.00,1.00,1001.00,586.83,0.00,0.00
245555176,Scone (AUS) 14th Jul,To Be Placed,14-07-2025 07:05,74853535,12. Fort Jefferson,0,65.00000000,1.0000,2.2629,1.00,1001.00,1.00,1001.00,26.01,0.00,0.00
245556141,Mount Isa (AUS) 14th Jul,To Be Placed,14-07-2025 04:55,5456099,5. Benevento,1,1.16000000,1.0000,1.1080,1.00,1001.00,1.00,1001.00,1380.67,0.00,0.00
245584631,Hamilton (AUS) 14th Jul,To Be Placed,14-07-2025 05:17,42492780,4. Hanover Jack,0,4.85000000,1.0000,5.0848,1.00,1001.00,1.00,1001.00,2.64,0.00,0.00
245555176,Scone (AUS) 14th Jul,To Be Placed,14-07-2025 07:05,64342544,13. Geewiz Johnny,1,4.09913992,1.0000,3.8247,1.00,1001.00,1.00,1001.00,593.51,0.00,0.00
245586659,Globe Derby (AUS) 14th Jul,To Be Placed,14-07-2025 06:13,60267738,5. Carramar Sanchez,0,4.10000000,1.0000,2.8461,1.00,1001.00,1.00,1001.00,41.15,0.00,0.00
245586659,Globe Derby (AUS) 14th Jul,To Be Placed,14-07-2025 06:13,83679652,1. Giamatti,0,32.62531120,1.0000,1.3678,1.00,1001.00,1.00,1001.00,4.73,0.00,0.00
245584583,Menangle (AUS) 14th Jul,To Be Placed,14-07-2025 04:15,66089043,9. Military Merit,0,3.04150409,1.0000,2.4915,1.00,1001.00,1.00,1001.00,66.07,0.00,0.00
245525887,Pakenham (AUS) 14th Jul,To Be Placed,14-07-2025 05:30,85854853,12. Merman,0,11.00000000,1.0000,7.7535,1.00,1001.00,1.00,1001.00,196.88,0.00,0.00
245555156,Scone (AUS) 14th Jul,To Be Placed,14-07-2025 04:35,72641813,11. Penique,0,98.70497808,1.0000,20.3017,1.00,1001.00,1.00,1001.00,7.39,0.00,0.00
245584653,Redcliffe (AUS) 14th Jul,To Be Placed,14-07-2025 12:05,28276001,7. Rocknroll Da Gama,1,2.19779200,1.0000,2.3999,1.00,1001.00,1.00,1001.00,1.40,0.00,0.00
245584647,Redcliffe (AUS) 14th Jul,To Be Placed,14-07-2025 10:41,19451379,2. Mammals Destiny,0,13.50000000,1.0000,11.3504,1.00,1001.00,1.00,1001.00,56.41,0.00,0.00
245584643,Redcliffe (AUS) 14th Jul,To Be Placed,14-07-2025 09:38,57056700,4. Rightyo,1,2.00896084,1.0000,1.3637,1.00,1001.00,1.00,1001.00,224.71,0.00,0.00
245555166,Scone (AUS) 14th Jul,To Be Placed,14-07-2025 05:50,40785691,8. Newfangled Jill,0,10.42977866,1.0000,8.9548,1.00,1001.00,1.00,1001.00,111.74,0.00,0.00
245586665,Globe Derby (AUS) 14th Jul,To Be Placed,14-07-2025 08:03,70634971,8. Ceeubetty,0,4.90000000,1.0000,3.7620,1.00,1001.00,1.00,1001.00,71.43,0.00,0.00
245584631,Hamilton (AUS) 14th Jul,To Be Placed,14-07-2025 05:17,12456447,7. Creative Lad,0,4.75000000,1.0000,4.6081,1.00,1001.00,1.00,1001.00,47.58,0.00,0.00
245525895,Pakenham (AUS) 14th Jul,To Be Placed,14-07-2025 06:00,73677234,5. Edzel,1,1.30145086,1.0000,1.1595,1.00,1001.00,1.00,1001.00,3329.53,0.00,0.00
245584604,Menangle (AUS) 14th Jul,To Be Placed,14-07-2025 08:25,42146950,10. Whiskey Cavalier,0,7.40000000,1.0000,1.1438,1.00,1001.00,1.00,1001.00,13.72,0.00,0.00
245584649,Redcliffe (AUS) 14th Jul,To Be Placed,14-07-2025 11:09,48737770,5. Fancy Like Barbie,0,1.83000000,1.0000,1.5264,1.00,1001.00,1.00,1001.00,156.28,0.00,0.00
245525911,Pakenham (AUS) 14th Jul,To Be Placed,14-07-2025 07:00,85854866,15. Odyssey Arrow,0,100.00000000,1.0000,45.6598,1.00,1001.00,1.00,1001.00,20.67,0.00,0.00
245555156,Scone (AUS) 14th Jul,To Be Placed,14-07-2025 04:35,79022331,9. Lily Darling,0,4.53848000,1.0000,2.2248,1.00,1001.00,1.00,1001.00,27.89,0.00,0.00
245584641,Redcliffe (AUS) 14th Jul,To Be Placed,14-07-2025 09:03,78584148,6. Pennie Packer,1,5.97235594,1.0000,2.9737,1.00,1001.00,1.00,1001.00,24.62,0.00,0.00
245586715,Pinjarra (AUS) 14th Jul,To Be Placed,14-07-2025 05:45,18165509,3. Tellmetoattack,0,2.02000000,1.0000,1.6438,1.00,1001.00,1.00,1001.00,341.31,0.00,0.00
245586659,Globe Derby (AUS) 14th Jul,To Be Placed,14-07-2025 06:13,58102497,2. Our Wantsnneeds,1,7.40000000,1.0000,2.5505,1.00,1001.00,1.00,1001.00,8.37,0.00,0.00
245556156,Mount Isa (AUS) 14th Jul,To Be Placed,14-07-2025 06:45,85813990,3. Polly Hoffa,0,6.40000000,1.0000,5.5619,1.00,1001.00,1.00,1001.00,466.85,0.00,0.00
245584592,Menangle (AUS) 14th Jul,To Be Placed,14-07-2025 06:03,38835890,5. What For,0,3.80000000,1.0000,1.1680,1.00,1001.00,1.00,1001.00,15.00,0.00,0.00
245584586,Menangle (AUS) 14th Jul,To Be Placed,14-07-2025 04:50,60452394,1. Ewing,1,4.14282185,1.0000,2.3666,1.00,1001.00,1.00,1001.00,43.03,0.00,0.00
245584633,Hamilton (AUS) 14th Jul,To Be Placed,14-07-2025 05:53,35608396,2. Wow You Can Dance,0,22.72651486,1.0000,14.4174,1.00,1001.00,1.00,1001.00,27.86,0.00,0.00
245584647,Redcliffe (AUS) 14th Jul,To Be Placed,14-07-2025 10:41,40750147,3. Outer Change,1,3.74476673,1.0000,3.3170,1.00,1001.00,1.00,1001.00,468.95,0.00,0.00
245586663,Globe Derby (AUS) 14th Jul,To Be Placed,14-07-2025 07:23,48470444,9. Giftedfromtheheart,0,30.00000000,1.0000,3.0553,1.00,1001.00,1.00,1001.00,44.44,0.00,0.00
245556131,Mount Isa (AUS) 14th Jul,To Be Placed,14-07-2025 03:40,76706057,5. Up To Us,0,2.52000000,1.0000,1.9740,1.00,1001.00,1.00,1001.00,238.88,0.00,0.00
245584595,Menangle (AUS) 14th Jul,To Be Placed,14-07-2025 06:40,71687152,3. Sapphiresndiamonds,0,2.24000000,1.0000,1.9834,1.00,1001.00,1.00,1001.00,111.14,0.00,0.00
245584635,Hamilton (AUS) 14th Jul,To Be Placed,14-07-2025 06:33,35090171,6. Amore Rock,0,10.50000000,1.0000,3.8794,1.00,1001.00,1.00,1001.00,4.58,0.00,0.00
245584631,Hamilton (AUS) 14th Jul,To Be Placed,14-07-2025 05:17,67937958,2. Im Molly Malone,0,75.00000000,1.0000,22.2720,1.00,1001.00,1.00,1001.00,18.23,0.00,0.00
245556156,Mount Isa (AUS) 14th Jul,To Be Placed,14-07-2025 06:45,72199716,1. Heavenly Legend,1,1.21000000,1.0000,1.1541,1.00,1001.00,1.00,1001.00,2010.52,0.00,0.00
245586665,Globe Derby (AUS) 14th Jul,To Be Placed,14-07-2025 08:03,1384818,4. Magnetize,1,2.38000000,1.0000,2.1915,1.00,1001.00,1.00,1001.00,340.24,0.00,0.00
245555156,Scone (AUS) 14th Jul,To Be Placed,14-07-2025 04:35,78229882,4. Single Impact,0,18.85826625,1.0000,6.9563,1.00,1001.00,1.00,1001.00,21.04,0.00,0.00
245586659,Globe Derby (AUS) 14th Jul,To Be Placed,14-07-2025 06:13,41833043,3. Greers Legacy,0,3.00000000,1.0000,2.3429,1.00,1001.00,1.00,1001.00,116.93,0.00,0.00
245584601,Menangle (AUS) 14th Jul,To Be Placed,14-07-2025 07:55,23585013,3. Red Reactor,1,2.08693646,1.0000,1.8149,1.00,1001.00,1.00,1001.00,452.61,0.00,0.00
245584586,Menangle (AUS) 14th Jul,To Be Placed,14-07-2025 04:50,36709375,8. Affaire De Cover,0,1.92000000,1.0000,1.4758,1.00,1001.00,1.00,1001.00,162.66,0.00,0.00
245586653,Globe Derby (AUS) 14th Jul,To Be Placed,14-07-2025 04:23,41922029,4. Honeybun,0,3.40000000,1.0000,2.2930,1.00,1001.00,1.00,1001.00,39.25,0.00,0.00
245584635,Hamilton (AUS) 14th Jul,To Be Placed,14-07-2025 06:33,43970360,1. Goodtime Libby,1,2.68610727,1.0000,2.5478,1.00,1001.00,1.00,1001.00,392.16,0.00,0.00
245584641,Redcliffe (AUS) 14th Jul,To Be Placed,14-07-2025 09:03,53345664,7. Last Call,0,1.96243451,1.0000,1.7840,1.00,1001.00,1.00,1001.00,792.95,0.00,0.00
245555181,Scone (AUS) 14th Jul,To Be Placed,14-07-2025 07:40,51454840,14. War Wings,0,21.56593214,1.0000,11.7188,1.00,1001.00,1.00,1001.00,110.47,0.00,0.00
245555171,Scone (AUS) 14th Jul,To Be Placed,14-07-2025 06:25,77426798,4. Eighty Eight Stars,1,2.72000000,1.0000,2.1911,1.00,1001.00,1.00,1001.00,412.64,0.00,0.00
245586719,Pinjarra (AUS) 14th Jul,To Be Placed,14-07-2025 06:55,85030417,1. Three Flames,0,15.50000000,1.0000,9.0698,1.00,1001.00,1.00,1001.00,48.93,0.00,0.00
245586717,Pinjarra (AUS) 14th Jul,To Be Placed,14-07-2025 06:20,47281816,3. Elish Star,1,3.65000000,1.0000,2.6730,1.00,1001.00,1.00,1001.00,45.96,0.00,0.00
245525871,Pakenham (AUS) 14th Jul,To Be Placed,14-07-2025 04:30,72240380,6. Missile Girl,1,1.82508992,1.0000,1.5659,1.00,1001.00,1.00,1001.00,1038.32,0.00,0.00
245584592,Menangle (AUS) 14th Jul,To Be Placed,14-07-2025 06:03,41009226,3. Dancing With My Ex,1,1.94000000,1.0000,1.1964,1.00,1001.00,1.00,1001.00,97.66,0.00,0.00
245586713,Pinjarra (AUS) 14th Jul,To Be Placed,14-07-2025 05:09,85827735,6. Crunchnsip,0,3.65000000,1.0000,2.7102,1.00,1001.00,1.00,1001.00,128.12,0.00,0.00
245584592,Menangle (AUS) 14th Jul,To Be Placed,14-07-2025 06:03,37290311,10. Fiftyshades Cresco,0,6.40000000,1.0000,3.6684,1.00,1001.00,1.00,1001.00,17.12,0.00,0.00
245584631,Hamilton (AUS) 14th Jul,To Be Placed,14-07-2025 05:17,42279645,8. My Darling Devine,0,6.39593552,1.0000,2.1865,1.00,1001.00,1.00,1001.00,44.94,0.00,0.00
245525911,Pakenham (AUS) 14th Jul,To Be Placed,14-07-2025 07:00,57113321,4. Wealdstone,0,3.70000000,1.0000,2.6178,1.00,1001.00,1.00,1001.00,369.31,0.00,0.00
245525871,Pakenham (AUS) 14th Jul,To Be Placed,14-07-2025 04:30,83378699,2. Country Blues,0,2.60465452,1.0000,2.1981,1.00,1001.00,1.00,1001.00,1041.83,0.00,0.00
245525911,Pakenham (AUS) 14th Jul,To Be Placed,14-07-2025 07:00,76389511,11. Turntyne,0,21.00000000,1.0000,14.0169,1.00,1001.00,1.00,1001.00,118.31,0.00,0.00
245555181,Scone (AUS) 14th Jul,To Be Placed,14-07-2025 07:40,2666424,10. Sagaponack,0,3.04053990,1.0000,2.2808,1.00,1001.00,1.00,1001.00,1096.46,0.00,0.00
245556151,Mount Isa (AUS) 14th Jul,To Be Placed,14-07-2025 06:10,7280030,6. Santorini Sun,1,3.90000000,1.0000,3.1214,1.00,1001.00,1.00,1001.00,349.84,0.00,0.00
245555156,Scone (AUS) 14th Jul,To Be Placed,14-07-2025 04:35,61894856,8. Kaytee Bold,0,415.88678000,1.0000,23.6624,1.00,1001.00,1.00,1001.00,7.67,0.00,0.00
245556141,Mount Isa (AUS) 14th Jul,To Be Placed,14-07-2025 04:55,2212140,8. The Last Crusade,0,1.85552896,1.0000,1.6726,1.00,1001.00,1.00,1001.00,1721.79,0.00,0.00
245584649,Redcliffe (AUS) 14th Jul,To Be Placed,14-07-2025 11:09,25440880,9. Todays Hero,0,12.91210831,1.0000,11.0814,1.00,1001.00,1.00,1001.00,46.90,0.00,0.00
245586727,Pinjarra (AUS) 14th Jul,To Be Placed,14-07-2025 09:16,63403434,1. Soho Vesper Lind,0,2.33814371,1.0000,1.8528,1.00,1001.00,1.00,1001.00,220.70,0.00,0.00
245525919,Pakenham (AUS) 14th Jul,To Be Placed,14-07-2025 07:30,39065201,4. Marlions Dream,0,2.74441547,1.0000,2.3717,1.00,1001.00,1.00,1001.00,914.25,0.00,0.00
245586657,Globe Derby (AUS) 14th Jul,To Be Placed,14-07-2025 05:38,73689270,3. Countess Crusoe,0,9.60000000,1.0000,4.0515,1.00,1001.00,1.00,1001.00,15.30,0.00,0.00
245584589,Menangle (AUS) 14th Jul,To Be Placed,14-07-2025 05:25,80185243,9. Longtan Viper,1,3.36436113,1.0000,2.0236,1.00,1001.00,1.00,1001.00,46.44,0.00,0.00
245525919,Pakenham (AUS) 14th Jul,To Be Placed,14-07-2025 07:30,84696793,12. Two Sigma,1,5.82266400,1.0000,4.2171,1.00,1001.00,1.00,1001.00,377.79,0.00,0.00
245525871,Pakenham (AUS) 14th Jul,To Be Placed,14-07-2025 04:30,85854833,14. Jewel Ben,0,29.00000000,1.0000,19.7793,1.00,1001.00,1.00,1001.00,78.03,0.00,0.00
245556156,Mount Isa (AUS) 14th Jul,To Be Placed,14-07-2025 06:45,75118990,7. Austral Diamond,0,5.50000000,1.0000,4.6481,1.00,1001.00,1.00,1001.00,454.47,0.00,0.00
245525895,Pakenham (AUS) 14th Jul,To Be Placed,14-07-2025 06:00,85854859,13. Top Arctic,1,2.89607912,1.0000,2.8809,1.00,1001.00,1.00,1001.00,1854.28,0.00,0.00
245584637,Hamilton (AUS) 14th Jul,To Be Placed,14-07-2025 07:08,75638842,2. Huxham Chubb,1,1.99511037,1.0000,1.5388,1.00,1001.00,1.00,1001.00,211.51,0.00,0.00
245584643,Redcliffe (AUS) 14th Jul,To Be Placed,14-07-2025 09:38,12675247,5. So Bobs Your Uncle,0,3.67301833,1.0000,2.9795,1.00,1001.00,1.00,1001.00,52.93,0.00,0.00
245586727,Pinjarra (AUS) 14th Jul,To Be Placed,14-07-2025 09:16,55245114,10. Codename Marcus,1,2.09000000,1.0000,2.0790,1.00,1001.00,1.00,1001.00,170.32,0.00,0.00
245584627,Hamilton (AUS) 14th Jul,To Be Placed,14-07-2025 04:07,65832071,3. Salute To Sunny,0,11.00000000,1.0000,5.9299,1.00,1001.00,1.00,1001.00,21.61,0.00,0.00
245555146,Scone (AUS) 14th Jul,To Be Placed,14-07-2025 03:20,61407982,1. Im Done,1,4.90000000,1.0000,5.5292,1.00,1001.00,1.00,1001.00,277.59,0.00,0.00
245584639,Hamilton (AUS) 14th Jul,To Be Placed,14-07-2025 07:47,68158320,6. Cityidol,0,290.00000000,1.0000,37.1877,1.00,1001.00,1.00,1001.00,15.87,0.00,0.00
245584633,Hamilton (AUS) 14th Jul,To Be Placed,14-07-2025 05:53,27131677,5. Urbadboy,0,34.00000000,1.0000,14.5080,1.00,1001.00,1.00,1001.00,14.88,0.00,0.00
245584649,Redcliffe (AUS) 14th Jul,To Be Placed,14-07-2025 11:09,44536547,7. Dancin Dolly,0,7.20000000,1.0000,6.1237,1.00,1001.00,1.00,1001.00,340.82,0.00,0.00
245525895,Pakenham (AUS) 14th Jul,To Be Placed,14-07-2025 06:00,82896211,11. Women In Uniform,0,2.32144620,1.0000,2.2038,1.00,1001.00,1.00,1001.00,1232.95,0.00,0.00
245584653,Redcliffe (AUS) 14th Jul,To Be Placed,14-07-2025 12:05,11533405,5. Batman Bart,1,1.82454892,1.0000,1.7158,1.00,1001.00,1.00,1001.00,27.19,0.00,0.00
245556161,Mount Isa (AUS) 14th Jul,To Be Placed,14-07-2025 07:20,74038911,11. Rogue N Ready,0,8.29563024,1.0000,5.2533,1.00,1001.00,1.00,1001.00,222.57,0.00,0.00
245525871,Pakenham (AUS) 14th Jul,To Be Placed,14-07-2025 04:30,4051729,11. Ammo,0,4.90000000,1.0000,3.2703,1.00,1001.00,1.00,1001.00,357.44,0.00,0.00
245584592,Menangle (AUS) 14th Jul,To Be Placed,14-07-2025 06:03,20137684,8. All Star Magician,0,3.60000000,1.0000,3.0089,1.00,1001.00,1.00,1001.00,178.25,0.00,0.00
245586663,Globe Derby (AUS) 14th Jul,To Be Placed,14-07-2025 07:23,36610763,5. Kerala Star,0,2.69783851,1.0000,1.9525,1.00,1001.00,1.00,1001.00,123.81,0.00,0.00
245586659,Globe Derby (AUS) 14th Jul,To Be Placed,14-07-2025 06:13,77740084,8. Blazin Bella,0,7.20000000,1.0000,1.2874,1.00,1001.00,1.00,1001.00,6.68,0.00,0.00
245556131,Mount Isa (AUS) 14th Jul,To Be Placed,14-07-2025 03:40,85813986,9. Polly Rose,0,1.90000000,1.0000,1.9159,1.00,1001.00,1.00,1001.00,1923.03,0.00,0.00
245525911,Pakenham (AUS) 14th Jul,To Be Placed,14-07-2025 07:00,72134475,9. Mystic Vamp,0,6.20000000,1.0000,4.3187,1.00,1001.00,1.00,1001.00,281.88,0.00,0.00
245586665,Globe Derby (AUS) 14th Jul,To Be Placed,14-07-2025 08:03,69648480,1. Clarenden Sakura,1,1.46000000,1.0000,1.1232,1.00,1001.00,1.00,1001.00,131.48,0.00,0.00
245584647,Redcliffe (AUS) 14th Jul,To Be Placed,14-07-2025 10:41,12827997,4. Courageous Leo,0,14.00000000,1.0000,10.8141,1.00,1001.00,1.00,1001.00,21.20,0.00,0.00
245586727,Pinjarra (AUS) 14th Jul,To Be Placed,14-07-2025 09:16,75720388,7. Mister MacEdon,0,7.80000000,1.0000,6.3998,1.00,1001.00,1.00,1001.00,52.89,0.00,0.00
245555176,Scone (AUS) 14th Jul,To Be Placed,14-07-2025 07:05,56904727,8. Hoo Haa,0,4.25874427,1.0000,3.3058,1.00,1001.00,1.00,1001.00,219.72,0.00,0.00
245586659,Globe Derby (AUS) 14th Jul,To Be Placed,14-07-2025 06:13,62065047,9. Caulonia Playboy,0,70.74963148,1.0000,5.0247,1.00,1001.00,1.00,1001.00,9.69,0.00,0.00
245586723,Pinjarra (AUS) 14th Jul,To Be Placed,14-07-2025 08:11,47905777,7. Soho Confidential,1,6.97944243,1.0000,7.0732,1.00,1001.00,1.00,1001.00,181.73,0.00,0.00
245584633,Hamilton (AUS) 14th Jul,To Be Placed,14-07-2025 05:53,72240176,6. We Favour Rosie,1,8.80000000,1.0000,5.2777,1.00,1001.00,1.00,1001.00,15.44,0.00,0.00
245556131,Mount Isa (AUS) 14th Jul,To Be Placed,14-07-2025 03:40,81562009,3. Outcast Soldier,1,2.10000000,1.0000,1.9446,1.00,1001.00,1.00,1001.00,980.25,0.00,0.00
245584604,Menangle (AUS) 14th Jul,To Be Placed,14-07-2025 08:25,67083272,6. American Hammer,0,2.64802972,1.0000,1.9796,1.00,1001.00,1.00,1001.00,150.50,0.00,0.00
245555146,Scone (AUS) 14th Jul,To Be Placed,14-07-2025 03:20,85282996,4. Diva Rouge,0,4.07063852,1.0000,3.1085,1.00,1001.00,1.00,1001.00,383.85,0.00,0.00
245586661,Globe Derby (AUS) 14th Jul,To Be Placed,14-07-2025 06:48,9497177,8. Luv Me Or Hate Me,1,9.23814285,1.0000,7.3983,1.00,1001.00,1.00,1001.00,45.16,0.00,0.00
245555181,Scone (AUS) 14th Jul,To Be Placed,14-07-2025 07:40,40273258,5. Manage The Cycle,1,1.50400815,1.0000,1.2990,1.00,1001.00,1.00,1001.00,1295.60,0.00,0.00
245586669,Globe Derby (AUS) 14th Jul,To Be Placed,14-07-2025 08:58,77730191,1. Parisian Bandit,0,1.14000000,1.0000,1.1150,1.00,1001.00,1.00,1001.00,857.89,0.00,0.00
245584589,Menangle (AUS) 14th Jul,To Be Placed,14-07-2025 05:25,61897271,7. Betting On Courage,0,11.00000000,1.0000,6.8349,1.00,1001.00,1.00,1001.00,25.64,0.00,0.00
245584629,Hamilton (AUS) 14th Jul,To Be Placed,14-07-2025 04:42,52900987,5. Daisy Bouchea,0,1.76000000,1.0000,1.6632,1.00,1001.00,1.00,1001.00,264.58,0.00,0.00
245586659,Globe Derby (AUS) 14th Jul,To Be Placed,14-07-2025 06:13,85827745,7. Winsome Bunny,1,1.23000000,1.0000,1.1615,1.00,1001.00,1.00,1001.00,206.14,0.00,0.00
245556136,Mount Isa (AUS) 14th Jul,To Be Placed,14-07-2025 04:20,77082517,5. Superstellar,1,9.40000000,1.0000,6.8721,1.00,1001.00,1.00,1001.00,108.09,0.00,0.00
245586719,Pinjarra (AUS) 14th Jul,To Be Placed,14-07-2025 06:55,85827738,12. Duncan Twentytwo,0,2.03000000,1.0000,2.0393,1.00,1001.00,1.00,1001.00,102.26,0.00,0.00
245525863,Pakenham (AUS) 14th Jul,To Be Placed,14-07-2025 04:00,85854820,1. High Ambitions,0,9.82197759,1.0000,6.4688,1.00,1001.00,1.00,1001.00,155.36,0.00,0.00
245555151,Scone (AUS) 14th Jul,To Be Placed,14-07-2025 03:55,926311,1. Power Through,1,4.20000000,1.0000,4.0214,1.00,1001.00,1.00,1001.00,1338.60,0.00,0.00
245584601,Menangle (AUS) 14th Jul,To Be Placed,14-07-2025 07:55,43155110,9. Supersede,0,2.40000000,1.0000,1.4688,1.00,1001.00,1.00,1001.00,211.85,0.00,0.00
245584655,Redcliffe (AUS) 14th Jul,To Be Placed,14-07-2025 12:33,71122034,4. Tenggeri,0,3.45000000,1.0000,4.3999,1.00,1001.00,1.00,1001.00,0.58,0.00,0.00
245586729,Pinjarra (AUS) 14th Jul,To Be Placed,14-07-2025 09:51,55257188,8. Spinner Of Yarns,0,2.44000000,1.0000,2.3488,1.00,1001.00,1.00,1001.00,90.00,0.00,0.00
245584653,Redcliffe (AUS) 14th Jul,To Be Placed,14-07-2025 12:05,38544626,6. The Blue Wren,0,2.22000000,1.0000,2.3486,1.00,1001.00,1.00,1001.00,7.70,0.00,0.00
245586721,Pinjarra (AUS) 14th Jul,To Be Placed,14-07-2025 07:33,25192051,1. Sunshine Swift,0,2.04000000,1.0000,1.8138,1.00,1001.00,1.00,1001.00,327.69,0.00,0.00
245525871,Pakenham (AUS) 14th Jul,To Be Placed,14-07-2025 04:30,75914444,5. Patyep,1,4.99676602,1.0000,3.5284,1.00,1001.00,1.00,1001.00,161.27,0.00,0.00
245555146,Scone (AUS) 14th Jul,To Be Placed,14-07-2025 03:20,85813731,3. Champagne Tonight,1,1.09692852,1.0000,1.0956,1.00,1001.00,1.00,1001.00,3106.27,0.00,0.00
245586663,Globe Derby (AUS) 14th Jul,To Be Placed,14-07-2025 07:23,41763007,7. Twin Connection,1,1.97000000,1.0000,1.9262,1.00,1001.00,1.00,1001.00,261.15,0.00,0.00
245584586,Menangle (AUS) 14th Jul,To Be Placed,14-07-2025 04:50,27541633,5. Valley Star,0,3.80000000,1.0000,3.2907,1.00,1001.00,1.00,1001.00,126.68,0.00,0.00
245584583,Menangle (AUS) 14th Jul,To Be Placed,14-07-2025 04:15,64721500,6. Hard Rock Angel,1,2.12000000,1.0000,2.1091,1.00,1001.00,1.00,1001.00,288.45,0.00,0.00
245525887,Pakenham (AUS) 14th Jul,To Be Placed,14-07-2025 05:30,85854852,11. Cheron Finale,0,9.00000000,1.0000,7.9902,1.00,1001.00,1.00,1001.00,253.80,0.00,0.00
245556161,Mount Isa (AUS) 14th Jul,To Be Placed,14-07-2025 07:20,56016730,4. Last Ditch Effort,0,2.43142966,1.0000,2.2602,1.00,1001.00,1.00,1001.00,608.37,0.00,0.00
245584629,Hamilton (AUS) 14th Jul,To Be Placed,14-07-2025 04:42,63552903,2. Aldebaran Anton,1,5.20000000,1.0000,2.6864,1.00,1001.00,1.00,1001.00,191.38,0.00,0.00
245584627,Hamilton (AUS) 14th Jul,To Be Placed,14-07-2025 04:07,85815271,4. Keayang Minnesota,0,1.76000000,1.0000,1.3689,1.00,1001.00,1.00,1001.00,146.23,0.00,0.00
245555161,Scone (AUS) 14th Jul,To Be Placed,14-07-2025 05:10,85813739,4. Pop Quiz,0,7.24873803,1.0000,3.4651,1.00,1001.00,1.00,1001.00,109.85,0.00,0.00
245586659,Globe Derby (AUS) 14th Jul,To Be Placed,14-07-2025 06:13,80148258,6. Backpaddockjack,0,7.77788778,1.0000,3.4351,1.00,1001.00,1.00,1001.00,10.76,0.00,0.00
245584598,Menangle (AUS) 14th Jul,To Be Placed,14-07-2025 07:15,73759271,7. Lexus Lou,1,2.76000000,1.0000,2.7097,1.00,1001.00,1.00,1001.00,1067.49,0.00,0.00
245584641,Redcliffe (AUS) 14th Jul,To Be Placed,14-07-2025 09:03,60569834,8. Vincent Time,1,2.00000000,1.0000,1.3817,1.00,1001.00,1.00,1001.00,2860.95,0.00,0.00
245525927,Pakenham (AUS) 14th Jul,To Be Placed,14-07-2025 08:00,68124650,6. Harpalee,1,1.60721035,1.0000,1.5248,1.00,1001.00,1.00,1001.00,2632.59,0.00,0.00
245555176,Scone (AUS) 14th Jul,To Be Placed,14-07-2025 07:05,85813744,9. Injair,0,3.20000000,1.0000,2.8363,1.00,1001.00,1.00,1001.00,630.99,0.00,0.00
245586729,Pinjarra (AUS) 14th Jul,To Be Placed,14-07-2025 09:51,41420180,2. Cohlin,0,2.32000000,1.0000,2.0627,1.00,1001.00,1.00,1001.00,263.02,0.00,0.00
245525919,Pakenham (AUS) 14th Jul,To Be Placed,14-07-2025 07:30,85854869,14. Tuppence Hapenny,0,11.33428000,1.0000,5.8442,1.00,1001.00,1.00,1001.00,105.60,0.00,0.00
245584592,Menangle (AUS) 14th Jul,To Be Placed,14-07-2025 06:03,53346792,4. Birdy Gal,1,2.26000000,1.0000,1.8614,1.00,1001.00,1.00,1001.00,67.51,0.00,0.00
245584635,Hamilton (AUS) 14th Jul,To Be Placed,14-07-2025 06:33,36423955,4. Captain Wilson,0,89.67700288,1.0000,23.4981,1.00,1001.00,1.00,1001.00,2.69,0.00,0.00
245586671,Globe Derby (AUS) 14th Jul,To Be Placed,14-07-2025 09:26,59148742,3. Dreams Of Love,1,2.04000000,1.0000,1.8203,1.00,1001.00,1.00,1001.00,118.34,0.00,0.00
245584598,Menangle (AUS) 14th Jul,To Be Placed,14-07-2025 07:15,45737774,5. Wills Way,0,9.20000000,1.0000,7.0251,1.00,1001.00,1.00,1001.00,146.66,0.00,0.00
245525863,Pakenham (AUS) 14th Jul,To Be Placed,14-07-2025 04:00,85854826,8. Miss Exceptional,0,55.00000000,1.0000,20.1771,1.00,1001.00,1.00,1001.00,43.12,0.00,0.00
245555146,Scone (AUS) 14th Jul,To Be Placed,14-07-2025 03:20,85180904,10. Vincetio,0,1.48000000,1.0000,1.3974,1.00,1001.00,1.00,1001.00,610.40,0.00,0.00
245556131,Mount Isa (AUS) 14th Jul,To Be Placed,14-07-2025 03:40,85017117,4. Monte Azul,0,22.00000000,1.0000,5.7508,1.00,1001.00,1.00,1001.00,30.50,0.00,0.00
245586725,Pinjarra (AUS) 14th Jul,To Be Placed,14-07-2025 08:46,66088983,1. Ruby Lou,1,1.39884015,1.0000,1.2330,1.00,1001.00,1.00,1001.00,1112.88,0.00,0.00
245586671,Globe Derby (AUS) 14th Jul,To Be Placed,14-07-2025 09:26,45376553,6. Quick Quaker,0,9.60000000,1.0000,10.5490,1.00,1001.00,1.00,1001.00,11.62,0.00,0.00
245584643,Redcliffe (AUS) 14th Jul,To Be Placed,14-07-2025 09:38,10933301,6. One Last Roll,0,1.47000000,1.0000,1.3058,1.00,1001.00,1.00,1001.00,412.91,0.00,0.00
245555161,Scone (AUS) 14th Jul,To Be Placed,14-07-2025 05:10,68157485,11. Daneway,0,80.00000000,1.0000,3.6749,1.00,1001.00,1.00,1001.00,42.79,0.00,0.00
245584583,Menangle (AUS) 14th Jul,To Be Placed,14-07-2025 04:15,82389442,7. Itz Trixton Time,0,2.48000000,1.0000,1.9544,1.00,1001.00,1.00,1001.00,134.82,0.00,0.00
245525903,Pakenham (AUS) 14th Jul,To Be Placed,14-07-2025 06:30,81747456,5. Vino Grande,0,2.77339012,1.0000,2.3645,1.00,1001.00,1.00,1001.00,933.22,0.00,0.00
245586653,Globe Derby (AUS) 14th Jul,To Be Placed,14-07-2025 04:23,37827570,6. Told You Twice,1,2.30000000,1.0000,1.9590,1.00,1001.00,1.00,1001.00,103.88,0.00,0.00
245555161,Scone (AUS) 14th Jul,To Be Placed,14-07-2025 05:10,43503744,9. Hot Wok,0,4.80000000,1.0000,3.2023,1.00,1001.00,1.00,1001.00,109.99,0.00,0.00
245556151,Mount Isa (AUS) 14th Jul,To Be Placed,14-07-2025 06:10,25792849,2. The Tyler,0,7.20000000,1.0000,6.3835,1.00,1001.00,1.00,1001.00,154.73,0.00,0.00
245586723,Pinjarra (AUS) 14th Jul,To Be Placed,14-07-2025 08:11,62669939,11. Ronald Scott,0,1.61000000,1.0000,1.4076,1.00,1001.00,1.00,1001.00,341.46,0.00,0.00
245586715,Pinjarra (AUS) 14th Jul,To Be Placed,14-07-2025 05:45,24796688,8. The Batmobile,1,6.60000000,1.0000,6.2873,1.00,1001.00,1.00,1001.00,150.70,0.00,0.00
245555176,Scone (AUS) 14th Jul,To Be Placed,14-07-2025 07:05,82818927,10. Brighella,0,5.30000000,1.0000,3.3229,1.00,1001.00,1.00,1001.00,69.06,0.00,0.00
245584595,Menangle (AUS) 14th Jul,To Be Placed,14-07-2025 06:40,85543986,7. Slyx,0,5.00000000,1.0000,3.4635,1.00,1001.00,1.00,1001.00,28.46,0.00,0.00
245584631,Hamilton (AUS) 14th Jul,To Be Placed,14-07-2025 05:17,28727800,5. Illawong Phoenix,1,1.17000000,1.0000,1.1537,1.00,1001.00,1.00,1001.00,163.36,0.00,0.00
245586665,Globe Derby (AUS) 14th Jul,To Be Placed,14-07-2025 08:03,1096578,2. Cornelia,0,2.32000000,1.0000,1.3290,1.00,1001.00,1.00,1001.00,52.56,0.00,0.00
245556156,Mount Isa (AUS) 14th Jul,To Be Placed,14-07-2025 06:45,72379083,9. Bitterblue,0,7.80000000,1.0000,5.2250,1.00,1001.00,1.00,1001.00,277.34,0.00,0.00
245584598,Menangle (AUS) 14th Jul,To Be Placed,14-07-2025 07:15,9420850,6. Racing Writer,0,4.70000000,1.0000,2.9724,1.00,1001.00,1.00,1001.00,59.37,0.00,0.00
245556156,Mount Isa (AUS) 14th Jul,To Be Placed,14-07-2025 06:45,56907400,8. Haveabeerforted,0,9.00000000,1.0000,7.9395,1.00,1001.00,1.00,1001.00,1960.50,0.00,0.00
245584595,Menangle (AUS) 14th Jul,To Be Placed,14-07-2025 06:40,23104857,10. Watch Me React,0,10.50000000,1.0000,8.7438,1.00,1001.00,1.00,1001.00,29.32,0.00,0.00
245584655,Redcliffe (AUS) 14th Jul,To Be Placed,14-07-2025 12:33,55862910,2. Funtimes,0,4.30000000,1.0000,5.8509,1.00,1001.00,1.00,1001.00,12.44,0.00,0.00
245586715,Pinjarra (AUS) 14th Jul,To Be Placed,14-07-2025 05:45,64330206,2. Goggins,1,1.74000000,1.0000,1.6800,1.00,1001.00,1.00,1001.00,1200.24,0.00,0.00
245555151,Scone (AUS) 14th Jul,To Be Placed,14-07-2025 03:55,78432433,5. Frosty The Showman,0,11.50000000,1.0000,6.8596,1.00,1001.00,1.00,1001.00,98.05,0.00,0.00
245525927,Pakenham (AUS) 14th Jul,To Be Placed,14-07-2025 08:00,79258051,10. Madam Excels,0,6.20000000,1.0000,5.5546,1.00,1001.00,1.00,1001.00,703.60,0.00,0.00
245525919,Pakenham (AUS) 14th Jul,To Be Placed,14-07-2025 07:30,78780956,11. Teresprit,0,8.64468850,1.0000,5.4488,1.00,1001.00,1.00,1001.00,676.14,0.00,0.00
245525895,Pakenham (AUS) 14th Jul,To Be Placed,14-07-2025 06:00,16885508,9. Mon Etoile,0,5.08794366,1.0000,2.4001,1.00,1001.00,1.00,1001.00,1743.02,0.00,0.00
245556131,Mount Isa (AUS) 14th Jul,To Be Placed,14-07-2025 03:40,52935986,1. Chargrill,0,3.56830583,1.0000,2.8107,1.00,1001.00,1.00,1001.00,517.74,0.00,0.00
245586669,Globe Derby (AUS) 14th Jul,To Be Placed,14-07-2025 08:58,55572774,3. Letsgetrowdy,1,1.98000000,1.0000,1.6365,1.00,1001.00,1.00,1001.00,330.77,0.00,0.00
245584643,Redcliffe (AUS) 14th Jul,To Be Placed,14-07-2025 09:38,50747110,9. Jimmy Joyce,0,2.34000000,1.0000,2.3511,1.00,1001.00,1.00,1001.00,98.68,0.00,0.00
245525871,Pakenham (AUS) 14th Jul,To Be Placed,14-07-2025 04:30,85744938,8. Prosperous Star,0,85.00000000,1.0000,48.7895,1.00,1001.00,1.00,1001.00,31.70,0.00,0.00
245584647,Redcliffe (AUS) 14th Jul,To Be Placed,14-07-2025 10:41,42170485,5. Tarifa Girl,0,1.60000000,1.0000,1.4664,1.00,1001.00,1.00,1001.00,119.76,0.00,0.00
245586725,Pinjarra (AUS) 14th Jul,To Be Placed,14-07-2025 08:46,71121759,3. Jaxs Ideal,0,5.41782325,1.0000,4.3836,1.00,1001.00,1.00,1001.00,190.02,0.00,0.00
245586721,Pinjarra (AUS) 14th Jul,To Be Placed,14-07-2025 07:33,20259570,5. Elephant Rock,0,88.61589403,1.0000,24.1343,1.00,1001.00,1.00,1001.00,6.03,0.00,0.00
245555176,Scone (AUS) 14th Jul,To Be Placed,14-07-2025 07:05,83155113,7. Backward Glance,0,2.48000000,1.0000,1.8708,1.00,1001.00,1.00,1001.00,535.96,0.00,0.00
245525903,Pakenham (AUS) 14th Jul,To Be Placed,14-07-2025 06:30,75084099,11. Stella Cantante,0,2.56000000,1.0000,2.3592,1.00,1001.00,1.00,1001.00,1248.39,0.00,0.00
245556131,Mount Isa (AUS) 14th Jul,To Be Placed,14-07-2025 03:40,69433074,2. Combs,1,2.53752178,1.0000,2.2326,1.00,1001.00,1.00,1001.00,690.90,0.00,0.00
245584629,Hamilton (AUS) 14th Jul,To Be Placed,14-07-2025 04:42,72479421,1. Tricky Diamond,0,7.79307271,1.0000,2.8397,1.00,1001.00,1.00,1001.00,41.55,0.00,0.00
245555151,Scone (AUS) 14th Jul,To Be Placed,14-07-2025 03:55,85813735,4. Hannahs Bridge,0,2.80000000,1.0000,2.4498,1.00,1001.00,1.00,1001.00,1105.94,0.00,0.00
245584641,Redcliffe (AUS) 14th Jul,To Be Placed,14-07-2025 09:03,50747201,5. Khulan Kid,0,2.50000000,1.0000,1.4684,1.00,1001.00,1.00,1001.00,30.88,0.00,0.00
245555166,Scone (AUS) 14th Jul,To Be Placed,14-07-2025 05:50,85813740,7. Spandex,1,1.21000000,1.0000,1.1775,1.00,1001.00,1.00,1001.00,1403.17,0.00,0.00
245556151,Mount Isa (AUS) 14th Jul,To Be Placed,14-07-2025 06:10,69967459,4. Panda Drum,0,4.00000000,1.0000,2.4947,1.00,1001.00,1.00,1001.00,150.95,0.00,0.00
245555181,Scone (AUS) 14th Jul,To Be Placed,14-07-2025 07:40,67077164,1. Too Darn Lovely,1,2.34000000,1.0000,2.0356,1.00,1001.00,1.00,1001.00,1744.83,0.00,0.00
245584645,Redcliffe (AUS) 14th Jul,To Be Placed,14-07-2025 10:10,36955482,4. Vermont,0,6.60000000,1.0000,3.4923,1.00,1001.00,1.00,1001.00,17.45,0.00,0.00
245586727,Pinjarra (AUS) 14th Jul,To Be Placed,14-07-2025 09:16,45192903,9. Getn Wiggy Withit,0,3.35000000,1.0000,2.7812,1.00,1001.00,1.00,1001.00,397.22,0.00,0.00
245586719,Pinjarra (AUS) 14th Jul,To Be Placed,14-07-2025 06:55,10663267,10. Head Office,0,5.10000000,1.0000,2.6539,1.00,1001.00,1.00,1001.00,55.27,0.00,0.00
245586667,Globe Derby (AUS) 14th Jul,To Be Placed,14-07-2025 08:32,4038941,1. Yoursnmine,0,2.18000000,1.0000,1.9559,1.00,1001.00,1.00,1001.00,401.16,0.00,0.00
245556136,Mount Isa (AUS) 14th Jul,To Be Placed,14-07-2025 04:20,36593976,4. Far Reaching,1,2.17945489,1.0000,1.9731,1.00,1001.00,1.00,1001.00,950.91,0.00,0.00
245584595,Menangle (AUS) 14th Jul,To Be Placed,14-07-2025 06:40,4606112,9. Will I Am,0,7.20000000,1.0000,2.6776,1.00,1001.00,1.00,1001.00,22.64,0.00,0.00
245525879,Pakenham (AUS) 14th Jul,To Be Placed,14-07-2025 05:00,85854840,10. Lafont,0,3.50000000,1.0000,2.8950,1.00,1001.00,1.00,1001.00,914.21,0.00,0.00
245555171,Scone (AUS) 14th Jul,To Be Placed,14-07-2025 06:25,41243431,9. Whispering Cate,0,4.55529592,1.0000,3.4009,1.00,1001.00,1.00,1001.00,203.04,0.00,0.00
245584595,Menangle (AUS) 14th Jul,To Be Placed,14-07-2025 06:40,19075062,1. Consider It Done,0,1.86000000,1.0000,1.6585,1.00,1001.00,1.00,1001.00,115.46,0.00,0.00
245555176,Scone (AUS) 14th Jul,To Be Placed,14-07-2025 07:05,75084003,6. Sharpen The Knives,0,3.60000000,1.0000,3.3138,1.00,1001.00,1.00,1001.00,593.10,0.00,0.00
245586667,Globe Derby (AUS) 14th Jul,To Be Placed,14-07-2025 08:32,52842425,3. Hereforagoodtime,0,5.20000000,1.0000,4.4087,1.00,1001.00,1.00,1001.00,33.01,0.00,0.00
245584635,Hamilton (AUS) 14th Jul,To Be Placed,14-07-2025 06:33,75915323,8. Busload Of Faith,0,4.20000000,1.0000,3.1823,1.00,1001.00,1.00,1001.00,44.68,0.00,0.00
245556161,Mount Isa (AUS) 14th Jul,To Be Placed,14-07-2025 07:20,79293941,7. Windorah,0,2.34264338,1.0000,2.0817,1.00,1001.00,1.00,1001.00,765.13,0.00,0.00
245584655,Redcliffe (AUS) 14th Jul,To Be Placed,14-07-2025 12:33,85780667,1. Somethingsrwicked,0,2.74000000,1.0000,1.0000,1.00,1001.00,1.00,1001.00,0.00,0.00,0.00
245586729,Pinjarra (AUS) 14th Jul,To Be Placed,14-07-2025 09:51,21859497,10. Im Drinkindoubles,0,5.21965317,1.0000,3.5018,1.00,1001.00,1.00,1001.00,25.98,0.00,0.00
245586723,Pinjarra (AUS) 14th Jul,To Be Placed,14-07-2025 08:11,62886487,4. Amaretto Angel,0,10.50000000,1.0000,7.6792,1.00,1001.00,1.00,1001.00,64.24,0.00,0.00
245584604,Menangle (AUS) 14th Jul,To Be Placed,14-07-2025 08:25,13214703,7. Joe Nien,0,2.56000000,1.0000,2.2910,1.00,1001.00,1.00,1001.00,297.76,0.00,0.00
245584604,Menangle (AUS) 14th Jul,To Be Placed,14-07-2025 08:25,17181175,4. Our Uncle Jim,1,5.00000000,1.0000,4.2755,1.00,1001.00,1.00,1001.00,171.55,0.00,0.00
245584655,Redcliffe (AUS) 14th Jul,To Be Placed,14-07-2025 12:33,68983081,6. Icanandiwill,0,23.80147854,1.0000,1.0000,1.00,1001.00,1.00,1001.00,0.00,0.00,0.00
245586727,Pinjarra (AUS) 14th Jul,To Be Placed,14-07-2025 09:16,62433949,8. Soho Honey Rider,0,1.33326577,1.0000,1.1604,1.00,1001.00,1.00,1001.00,1206.45,0.00,0.00
245586721,Pinjarra (AUS) 14th Jul,To Be Placed,14-07-2025 07:33,49785910,8. Delightable,0,130.00000000,1.0000,14.2214,1.00,1001.00,1.00,1001.00,27.10,0.00,0.00
245584629,Hamilton (AUS) 14th Jul,To Be Placed,14-07-2025 04:42,38677525,6. Night Whisperer,1,1.17000000,1.0000,1.1328,1.00,1001.00,1.00,1001.00,330.20,0.00,0.00
245586721,Pinjarra (AUS) 14th Jul,To Be Placed,14-07-2025 07:33,34137193,11. Cry Havoc,1,1.37000000,1.0000,1.3504,1.00,1001.00,1.00,1001.00,314.76,0.00,0.00
245584598,Menangle (AUS) 14th Jul,To Be Placed,14-07-2025 07:15,73657420,1. Blisses Best,0,4.14026076,1.0000,2.9236,1.00,1001.00,1.00,1001.00,654.38,0.00,0.00
245584631,Hamilton (AUS) 14th Jul,To Be Placed,14-07-2025 05:17,17654354,3. Hilldale Sunrise,0,4.50000000,1.0000,2.6782,1.00,1001.00,1.00,1001.00,65.30,0.00,0.00
245584627,Hamilton (AUS) 14th Jul,To Be Placed,14-07-2025 04:07,85815269,1. Itgetsbetter,0,24.50651129,1.0000,7.8196,1.00,1001.00,1.00,1001.00,81.83,0.00,0.00
245525919,Pakenham (AUS) 14th Jul,To Be Placed,14-07-2025 07:30,42218394,2. Flying Ace,0,3.58357000,1.0000,2.8456,1.00,1001.00,1.00,1001.00,428.27,0.00,0.00
245555176,Scone (AUS) 14th Jul,To Be Placed,14-07-2025 07:05,63402058,11. Cotton Sox,1,5.95544777,1.0000,4.1228,1.00,1001.00,1.00,1001.00,221.27,0.00,0.00
245556161,Mount Isa (AUS) 14th Jul,To Be Placed,14-07-2025 07:20,57883954,5. Toronado Rouge,0,6.89386506,1.0000,4.8677,1.00,1001.00,1.00,1001.00,252.46,0.00,0.00
245584645,Redcliffe (AUS) 14th Jul,To Be Placed,14-07-2025 10:10,41730038,7. Keayang Tara,0,4.70000000,1.0000,3.7426,1.00,1001.00,1.00,1001.00,608.46,0.00,0.00
245584589,Menangle (AUS) 14th Jul,To Be Placed,14-07-2025 05:25,21911258,6. Uncle Tiger,1,1.85806838,1.0000,1.8372,1.00,1001.00,1.00,1001.00,405.71,0.00,0.00
245584604,Menangle (AUS) 14th Jul,To Be Placed,14-07-2025 08:25,5233330,2. Lochiel,0,11.00000000,1.0000,5.8887,1.00,1001.00,1.00,1001.00,19.18,0.00,0.00
245584598,Menangle (AUS) 14th Jul,To Be Placed,14-07-2025 07:15,75449004,2. Shes A Warrawee,1,1.13871748,1.0000,1.1060,1.00,1001.00,1.00,1001.00,250.35,0.00,0.00
245584637,Hamilton (AUS) 14th Jul,To Be Placed,14-07-2025 07:08,47907341,3. Nothing Sweeter,0,1.78000000,1.0000,1.2644,1.00,1001.00,1.00,1001.00,161.48,0.00,0.00
245586717,Pinjarra (AUS) 14th Jul,To Be Placed,14-07-2025 06:20,38605397,9. Elegant Peak,1,1.95752040,1.0000,1.6002,1.00,1001.00,1.00,1001.00,764.48,0.00,0.00
245584635,Hamilton (AUS) 14th Jul,To Be Placed,14-07-2025 06:33,85815277,9. All Blazing Guns,0,3.40000000,1.0000,1.9260,1.00,1001.00,1.00,1001.00,29.64,0.00,0.00
245584633,Hamilton (AUS) 14th Jul,To Be Placed,14-07-2025 05:53,85815275,8. Keayang Seaside,0,1.20000000,1.0000,1.1394,1.00,1001.00,1.00,1001.00,404.39,0.00,0.00
245586713,Pinjarra (AUS) 14th Jul,To Be Placed,14-07-2025 05:09,1421639,8. Cinch,0,13.50000000,1.0000,3.1996,1.00,1001.00,1.00,1001.00,5.56,0.00,0.00
245525927,Pakenham (AUS) 14th Jul,To Be Placed,14-07-2025 08:00,71405500,7. Little Bighorn,0,1.97772312,1.0000,1.5353,1.00,1001.00,1.00,1001.00,3247.95,0.00,0.00
245555151,Scone (AUS) 14th Jul,To Be Placed,14-07-2025 03:55,85813737,10. Thors Lightning,0,3.28588320,1.0000,2.8677,1.00,1001.00,1.00,1001.00,545.63,0.00,0.00
245584583,Menangle (AUS) 14th Jul,To Be Placed,14-07-2025 04:15,28546315,10. Majestic Connies,0,27.48542417,1.0000,6.5515,1.00,1001.00,1.00,1001.00,8.14,0.00,0.00
245556136,Mount Isa (AUS) 14th Jul,To Be Placed,14-07-2025 04:20,70928677,6. Dangereuse,0,2.12000000,1.0000,1.9816,1.00,1001.00,1.00,1001.00,393.74,0.00,0.00
245555161,Scone (AUS) 14th Jul,To Be Placed,14-07-2025 05:10,42268069,5. Kalahari Heart,1,8.40000000,1.0000,5.0199,1.00,1001.00,1.00,1001.00,78.31,0.00,0.00
245584595,Menangle (AUS) 14th Jul,To Be Placed,14-07-2025 06:40,80338619,2. Glenburns Waters,0,1.78000000,1.0000,1.7228,1.00,1001.00,1.00,1001.00,438.17,0.00,0.00
245525887,Pakenham (AUS) 14th Jul,To Be Placed,14-07-2025 05:30,85854851,10. Aberlutely,0,6.60000000,1.0000,5.2355,1.00,1001.00,1.00,1001.00,258.68,0.00,0.00
245525879,Pakenham (AUS) 14th Jul,To Be Placed,14-07-2025 05:00,85854838,8. Blueys Girl,0,13.00000000,1.0000,9.7875,1.00,1001.00,1.00,1001.00,271.47,0.00,0.00
245586653,Globe Derby (AUS) 14th Jul,To Be Placed,14-07-2025 04:23,38247333,1. Tairlaw Toll,1,1.15500000,1.0000,1.1755,1.00,1001.00,1.00,1001.00,99.63,0.00,0.00
245586717,Pinjarra (AUS) 14th Jul,To Be Placed,14-07-2025 06:20,49245240,1. Lavradore,0,4.70000000,1.0000,2.2610,1.00,1001.00,1.00,1001.00,69.03,0.00,0.00
245555161,Scone (AUS) 14th Jul,To Be Placed,14-07-2025 05:10,58635431,1. Big Short,0,1.89000000,1.0000,1.3554,1.00,1001.00,1.00,1001.00,173.82,0.00,0.00
245584639,Hamilton (AUS) 14th Jul,To Be Placed,14-07-2025 07:47,85815283,7. Keayang Shadowbox,0,1.68000000,1.0000,1.3544,1.00,1001.00,1.00,1001.00,478.04,0.00,0.00
245525911,Pakenham (AUS) 14th Jul,To Be Placed,14-07-2025 07:00,59383826,5. Quite The Lass,0,5.00000000,1.0000,4.8173,1.00,1001.00,1.00,1001.00,1417.19,0.00,0.00
245586729,Pinjarra (AUS) 14th Jul,To Be Placed,14-07-2025 09:51,58423739,5. Dee Jays Big Boy,0,2.10937045,1.0000,1.4330,1.00,1001.00,1.00,1001.00,188.04,0.00,0.00
245555146,Scone (AUS) 14th Jul,To Be Placed,14-07-2025 03:20,85813733,9. It Stays In Vegas,1,1.37000000,1.0000,1.2991,1.00,1001.00,1.00,1001.00,1666.70,0.00,0.00
245586663,Globe Derby (AUS) 14th Jul,To Be Placed,14-07-2025 07:23,39008272,6. Urgoodboy,1,1.53000000,1.0000,1.2646,1.00,1001.00,1.00,1001.00,286.19,0.00,0.00
245584647,Redcliffe (AUS) 14th Jul,To Be Placed,14-07-2025 10:41,38980207,9. Three Machs,0,1.61011362,1.0000,1.4198,1.00,1001.00,1.00,1001.00,158.80,0.00,0.00
245555156,Scone (AUS) 14th Jul,To Be Placed,14-07-2025 04:35,57563498,6. Epic Statement,1,1.22115500,1.0000,1.1088,1.00,1001.00,1.00,1001.00,971.84,0.00,0.00
245584583,Menangle (AUS) 14th Jul,To Be Placed,14-07-2025 04:15,69175008,1. Kennys Son,0,2.68000000,1.0000,2.1569,1.00,1001.00,1.00,1001.00,361.39,0.00,0.00
245555161,Scone (AUS) 14th Jul,To Be Placed,14-07-2025 05:10,4843730,8. Our Warrior,0,10.00000000,1.0000,7.8985,1.00,1001.00,1.00,1001.00,66.07,0.00,0.00
245584592,Menangle (AUS) 14th Jul,To Be Placed,14-07-2025 06:03,19167459,9. Bettor Be Lucky,0,8.60000000,1.0000,1.3394,1.00,1001.00,1.00,1001.00,5.42,0.00,0.00
245586729,Pinjarra (AUS) 14th Jul,To Be Placed,14-07-2025 09:51,78053027,6. Idealincider,1,2.50000000,1.0000,2.1322,1.00,1001.00,1.00,1001.00,40.07,0.00,0.00
245584595,Menangle (AUS) 14th Jul,To Be Placed,14-07-2025 06:40,41288262,8. Explosive Bronski,1,3.85000000,1.0000,2.7699,1.00,1001.00,1.00,1001.00,74.85,0.00,0.00
245584651,Redcliffe (AUS) 14th Jul,To Be Placed,14-07-2025 11:37,77468482,6. Fly Burra,0,1.96000000,1.0000,1.6769,1.00,1001.00,1.00,1001.00,348.72,0.00,0.00
245586657,Globe Derby (AUS) 14th Jul,To Be Placed,14-07-2025 05:38,74901184,2. Chicago Craze,1,2.76533294,1.0000,1.8467,1.00,1001.00,1.00,1001.00,152.34,0.00,0.00
245586723,Pinjarra (AUS) 14th Jul,To Be Placed,14-07-2025 08:11,47693116,3. Sporting Grace,0,8.40000000,1.0000,5.0778,1.00,1001.00,1.00,1001.00,76.87,0.00,0.00
245586657,Globe Derby (AUS) 14th Jul,To Be Placed,14-07-2025 05:38,56367387,4. Connies President,1,1.78102122,1.0000,1.4862,1.00,1001.00,1.00,1001.00,195.85,0.00,0.00
245584647,Redcliffe (AUS) 14th Jul,To Be Placed,14-07-2025 10:41,39732978,7. Doolittle Days,1,2.80509042,1.0000,2.5968,1.00,1001.00,1.00,1001.00,245.67,0.00,0.00
245555171,Scone (AUS) 14th Jul,To Be Placed,14-07-2025 06:25,69389785,3. Grins,0,5.40000000,1.0000,2.9776,1.00,1001.00,1.00,1001.00,190.59,0.00,0.00
245555151,Scone (AUS) 14th Jul,To Be Placed,14-07-2025 03:55,85813736,9. Lika Remi,1,36.00000000,1.0000,13.2924,1.00,1001.00,1.00,1001.00,19.59,0.00,0.00
245586661,Globe Derby (AUS) 14th Jul,To Be Placed,14-07-2025 06:48,13309959,4. Giant Jackson,0,32.00000000,1.0000,5.3172,1.00,1001.00,1.00,1001.00,23.58,0.00,0.00
245584589,Menangle (AUS) 14th Jul,To Be Placed,14-07-2025 05:25,3984182,10. Time To Dance,0,5.00000000,1.0000,3.9198,1.00,1001.00,1.00,1001.00,121.59,0.00,0.00
245584645,Redcliffe (AUS) 14th Jul,To Be Placed,14-07-2025 10:10,43167368,8. Write About Angus,0,8.60000000,1.0000,3.0534,1.00,1001.00,1.00,1001.00,31.36,0.00,0.00
245584595,Menangle (AUS) 14th Jul,To Be Placed,14-07-2025 06:40,74900778,6. Ima Sweet Torque,1,3.10225341,1.0000,3.0498,1.00,1001.00,1.00,1001.00,368.98,0.00,0.00
245584649,Redcliffe (AUS) 14th Jul,To Be Placed,14-07-2025 11:09,71941446,6. Unit Forty One,0,1.57000000,1.0000,1.4298,1.00,1001.00,1.00,1001.00,403.24,0.00,0.00
245556146,Mount Isa (AUS) 14th Jul,To Be Placed,14-07-2025 05:35,48872087,7. Wicklow Lass,0,3.30000000,1.0000,2.9267,1.00,1001.00,1.00,1001.00,1601.74,0.00,0.00
245584604,Menangle (AUS) 14th Jul,To Be Placed,14-07-2025 08:25,7152193,9. Black Onyx,0,1.63012549,1.0000,1.5035,1.00,1001.00,1.00,1001.00,153.64,0.00,0.00
245584598,Menangle (AUS) 14th Jul,To Be Placed,14-07-2025 07:15,57315749,9. Lord Memnock,0,5.00000000,1.0000,3.3177,1.00,1001.00,1.00,1001.00,34.96,0.00,0.00
245584586,Menangle (AUS) 14th Jul,To Be Placed,14-07-2025 04:50,69438151,7. Prohibited Love,0,1.86379190,1.0000,1.6779,1.00,1001.00,1.00,1001.00,386.41,0.00,0.00
245584653,Redcliffe (AUS) 14th Jul,To Be Placed,14-07-2025 12:05,2221174,9. Marksman,0,2.63031918,1.0000,2.6861,1.00,1001.00,1.00,1001.00,130.10,0.00,0.00
245584647,Redcliffe (AUS) 14th Jul,To Be Placed,14-07-2025 10:41,22650429,1. Caribbean Rocket,0,7.40000000,1.0000,7.1872,1.00,1001.00,1.00,1001.00,136.82,0.00,0.00
245555161,Scone (AUS) 14th Jul,To Be Placed,14-07-2025 05:10,45347474,7. Notabadone,0,1.93830743,1.0000,1.7624,1.00,1001.00,1.00,1001.00,2126.01,0.00,0.00
245584639,Hamilton (AUS) 14th Jul,To Be Placed,14-07-2025 07:47,85815284,8. Jilliby Amigo,1,2.28000000,1.0000,2.1014,1.00,1001.00,1.00,1001.00,526.59,0.00,0.00
245525919,Pakenham (AUS) 14th Jul,To Be Placed,14-07-2025 07:30,6007159,9. Heinous,0,4.53087900,1.0000,3.6757,1.00,1001.00,1.00,1001.00,248.09,0.00,0.00
245555161,Scone (AUS) 14th Jul,To Be Placed,14-07-2025 05:10,84222977,3. Crown Legend,1,2.60000000,1.0000,2.1979,1.00,1001.00,1.00,1001.00,309.63,0.00,0.00
245584633,Hamilton (AUS) 14th Jul,To Be Placed,14-07-2025 05:53,76937043,11. Dallas Dale,0,6.40000000,1.0000,4.1740,1.00,1001.00,1.00,1001.00,10.78,0.00,0.00
245555161,Scone (AUS) 14th Jul,To Be Placed,14-07-2025 05:10,42710809,10. My Gem,0,22.00000000,1.0000,1.0423,1.00,1001.00,1.00,1001.00,23.39,0.00,0.00
245586665,Globe Derby (AUS) 14th Jul,To Be Placed,14-07-2025 08:03,70930477,6. Jack Bronski,0,5.80000000,1.0000,2.5382,1.00,1001.00,1.00,1001.00,27.52,0.00,0.00
245584601,Menangle (AUS) 14th Jul,To Be Placed,14-07-2025 07:55,40346334,4. Jalaneel,1,3.36387559,1.0000,1.5310,1.00,1001.00,1.00,1001.00,55.65,0.00,0.00
245555156,Scone (AUS) 14th Jul,To Be Placed,14-07-2025 04:35,2924270,1. Armoury,0,186.29886877,1.0000,21.5151,1.00,1001.00,1.00,1001.00,5.00,0.00,0.00
245586667,Globe Derby (AUS) 14th Jul,To Be Placed,14-07-2025 08:32,40031622,2. Whata Optimist,1,1.45000000,1.0000,1.4896,1.00,1001.00,1.00,1001.00,474.61,0.00,0.00
245584633,Hamilton (AUS) 14th Jul,To Be Placed,14-07-2025 05:53,85815276,10. Miki Steamed Home,0,2.06000000,1.0000,2.0125,1.00,1001.00,1.00,1001.00,38.84,0.00,0.00
245586667,Globe Derby (AUS) 14th Jul,To Be Placed,14-07-2025 08:32,57080352,6. Two Way Wonder,0,75.00000000,1.0000,39.6706,1.00,1001.00,1.00,1001.00,9.96,0.00,0.00
245584651,Redcliffe (AUS) 14th Jul,To Be Placed,14-07-2025 11:37,73154789,4. Belmer Betty,0,3.10478675,1.0000,1.6508,1.00,1001.00,1.00,1001.00,46.24,0.00,0.00
245584651,Redcliffe (AUS) 14th Jul,To Be Placed,14-07-2025 11:37,79069049,7. Alwaysmissingyou,0,6.27992390,1.0000,2.3695,1.00,1001.00,1.00,1001.00,97.19,0.00,0.00
245525911,Pakenham (AUS) 14th Jul,To Be Placed,14-07-2025 07:00,85854863,7. Flashlight,1,1.73000000,1.0000,1.5779,1.00,1001.00,1.00,1001.00,2142.00,0.00,0.00
245556151,Mount Isa (AUS) 14th Jul,To Be Placed,14-07-2025 06:10,85017120,8. Affirmative Light,1,2.30206807,1.0000,1.9664,1.00,1001.00,1.00,1001.00,709.00,0.00,0.00
245586655,Globe Derby (AUS) 14th Jul,To Be Placed,14-07-2025 05:03,74540245,3. Life Ona Highway,0,2.94986569,1.0000,2.6137,1.00,1001.00,1.00,1001.00,79.29,0.00,0.00
245586725,Pinjarra (AUS) 14th Jul,To Be Placed,14-07-2025 08:46,72453345,2. Kinky,0,1.46737649,1.0000,1.3171,1.00,1001.00,1.00,1001.00,217.38,0.00,0.00
245525879,Pakenham (AUS) 14th Jul,To Be Placed,14-07-2025 05:00,82414538,2. Gift,0,8.40000000,1.0000,6.7030,1.00,1001.00,1.00,1001.00,151.18,0.00,0.00
245555166,Scone (AUS) 14th Jul,To Be Placed,14-07-2025 05:50,64319123,2. City Gold Ready,0,2.16669516,1.0000,1.6698,1.00,1001.00,1.00,1001.00,242.75,0.00,0.00
245586667,Globe Derby (AUS) 14th Jul,To Be Placed,14-07-2025 08:32,46994655,10. Bully Bourne,1,1.88000000,1.0000,1.7706,1.00,1001.00,1.00,1001.00,156.19,0.00,0.00
245586719,Pinjarra (AUS) 14th Jul,To Be Placed,14-07-2025 06:55,85602501,6. Azione,0,13.89966118,1.0000,6.2426,1.00,1001.00,1.00,1001.00,41.91,0.00,0.00
245525911,Pakenham (AUS) 14th Jul,To Be Placed,14-07-2025 07:00,57078190,2. Hollandia,0,5.83786816,1.0000,3.0608,1.00,1001.00,1.00,1001.00,1255.54,0.00,0.00
245525871,Pakenham (AUS) 14th Jul,To Be Placed,14-07-2025 04:30,68637999,4. Listening Is Doing,0,8.80000000,1.0000,6.9649,1.00,1001.00,1.00,1001.00,227.28,0.00,0.00
245556141,Mount Isa (AUS) 14th Jul,To Be Placed,14-07-2025 04:55,23036623,4. Jetski,0,42.00000000,1.0000,19.8246,1.00,1001.00,1.00,1001.00,88.72,0.00,0.00
245584604,Menangle (AUS) 14th Jul,To Be Placed,14-07-2025 08:25,40208991,5. Foxy Dada,1,2.88000000,1.0000,1.6087,1.00,1001.00,1.00,1001.00,22.24,0.00,0.00
245584649,Redcliffe (AUS) 14th Jul,To Be Placed,14-07-2025 11:09,50836109,3. Music Moth,0,1.98000000,1.0000,1.8720,1.00,1001.00,1.00,1001.00,896.15,0.00,0.00
245584586,Menangle (AUS) 14th Jul,To Be Placed,14-07-2025 04:50,55257291,2. Last Clansman,0,7.00000000,1.0000,1.5594,1.00,1001.00,1.00,1001.00,17.69,0.00,0.00
245584629,Hamilton (AUS) 14th Jul,To Be Placed,14-07-2025 04:42,21754565,7. Icicle,0,3.10000000,1.0000,2.4018,1.00,1001.00,1.00,1001.00,205.51,0.00,0.00
245555171,Scone (AUS) 14th Jul,To Be Placed,14-07-2025 06:25,940676,12. Just One Look,0,6.53184464,1.0000,3.0841,1.00,1001.00,1.00,1001.00,275.06,0.00,0.00
245584639,Hamilton (AUS) 14th Jul,To Be Placed,14-07-2025 07:47,85815281,3. Zanda Man,1,2.64641890,1.0000,1.9920,1.00,1001.00,1.00,1001.00,175.39,0.00,0.00
245584651,Redcliffe (AUS) 14th Jul,To Be Placed,14-07-2025 11:37,83643965,5. Apache Bart,0,1.84231039,1.0000,1.5407,1.00,1001.00,1.00,1001.00,319.54,0.00,0.00
245586725,Pinjarra (AUS) 14th Jul,To Be Placed,14-07-2025 08:46,30010433,10. Aretha,1,2.14000000,1.0000,2.0575,1.00,1001.00,1.00,1001.00,355.84,0.00,0.00
245556141,Mount Isa (AUS) 14th Jul,To Be Placed,14-07-2025 04:55,58176999,3. Gardenzio,0,3.05000000,1.0000,2.4709,1.00,1001.00,1.00,1001.00,234.05,0.00,0.00
245584586,Menangle (AUS) 14th Jul,To Be Placed,14-07-2025 04:50,73793797,10. Hes A Hammer,0,2.52000000,1.0000,2.0371,1.00,1001.00,1.00,1001.00,46.12,0.00,0.00
245584604,Menangle (AUS) 14th Jul,To Be Placed,14-07-2025 08:25,5195580,8. Captains Catch,1,1.64000000,1.0000,1.5485,1.00,1001.00,1.00,1001.00,1000.65,0.00,0.00
245555176,Scone (AUS) 14th Jul,To Be Placed,14-07-2025 07:05,77728633,5. Maktabi,0,6.69948722,1.0000,4.5371,1.00,1001.00,1.00,1001.00,159.28,0.00,0.00
245555146,Scone (AUS) 14th Jul,To Be Placed,14-07-2025 03:20,52873291,6. No Pockets,0,26.00000000,1.0000,8.5399,1.00,1001.00,1.00,1001.00,189.38,0.00,0.00
245586657,Globe Derby (AUS) 14th Jul,To Be Placed,14-07-2025 05:38,999061,5. Feel The Moment,0,2.69303301,1.0000,2.4624,1.00,1001.00,1.00,1001.00,104.28,0.00,0.00
245586719,Pinjarra (AUS) 14th Jul,To Be Placed,14-07-2025 06:55,84240190,9. Elvira Jane,0,7.20000000,1.0000,5.1250,1.00,1001.00,1.00,1001.00,67.31,0.00,0.00
245586723,Pinjarra (AUS) 14th Jul,To Be Placed,14-07-2025 08:11,42576035,5. Me Flash,1,1.49000000,1.0000,1.3402,1.00,1001.00,1.00,1001.00,1376.66,0.00,0.00
245586717,Pinjarra (AUS) 14th Jul,To Be Placed,14-07-2025 06:20,48708416,11. Peachee,0,6.05837438,1.0000,2.1147,1.00,1001.00,1.00,1001.00,10.97,0.00,0.00
245586725,Pinjarra (AUS) 14th Jul,To Be Placed,14-07-2025 08:46,71953238,9. Bull Shark Betty,1,2.47689359,1.0000,2.0660,1.00,1001.00,1.00,1001.00,470.89,0.00,0.00
245586727,Pinjarra (AUS) 14th Jul,To Be Placed,14-07-2025 09:16,12897223,6. Rock Me Over,1,5.90000000,1.0000,2.3529,1.00,1001.00,1.00,1001.00,36.16,0.00,0.00
245525879,Pakenham (AUS) 14th Jul,To Be Placed,14-07-2025 05:00,75435552,11. Madam Griselda,0,2.20000000,1.0000,1.9180,1.00,1001.00,1.00,1001.00,1751.38,0.00,0.00
245584653,Redcliffe (AUS) 14th Jul,To Be Placed,14-07-2025 12:05,18528276,2. Mustang Dude,0,46.00000000,1.0000,1.0000,1.00,1001.00,1.00,1001.00,0.00,0.00,0.00
245586721,Pinjarra (AUS) 14th Jul,To Be Placed,14-07-2025 07:33,19086737,2. Lucienne,1,1.74000000,1.0000,1.6148,1.00,1001.00,1.00,1001.00,87.10,0.00,0.00
245555181,Scone (AUS) 14th Jul,To Be Placed,14-07-2025 07:40,8321084,4. Edge Of Midnight,1,1.64000000,1.0000,1.4769,1.00,1001.00,1.00,1001.00,1454.00,0.00,0.00
245525887,Pakenham (AUS) 14th Jul,To Be Placed,14-07-2025 05:30,3543165,8. Phoenician,1,2.96000000,1.0000,2.6651,1.00,1001.00,1.00,1001.00,419.03,0.00,0.00
245586669,Globe Derby (AUS) 14th Jul,To Be Placed,14-07-2025 08:58,44758227,8. Atmosphere,1,4.14427439,1.0000,2.0829,1.00,1001.00,1.00,1001.00,1087.28,0.00,0.00
245556151,Mount Isa (AUS) 14th Jul,To Be Placed,14-07-2025 06:10,82895951,3. Joy McCoy,0,2.00000000,1.0000,1.8240,1.00,1001.00,1.00,1001.00,879.54,0.00,0.00
245584604,Menangle (AUS) 14th Jul,To Be Placed,14-07-2025 08:25,1199734,3. Marathon Man,0,7.20000000,1.0000,4.8005,1.00,1001.00,1.00,1001.00,52.73,0.00,0.00
245525927,Pakenham (AUS) 14th Jul,To Be Placed,14-07-2025 08:00,75047076,8. Tophet,1,2.12000000,1.0000,1.8116,1.00,1001.00,1.00,1001.00,3232.46,0.00,0.00
245584645,Redcliffe (AUS) 14th Jul,To Be Placed,14-07-2025 10:10,68571173,6. Snip Of Beauty,0,3.27663969,1.0000,2.7646,1.00,1001.00,1.00,1001.00,102.30,0.00,0.00
245525903,Pakenham (AUS) 14th Jul,To Be Placed,14-07-2025 06:30,74039970,3. French Class,0,5.20000000,1.0000,4.7294,1.00,1001.00,1.00,1001.00,205.81,0.00,0.00
245584637,Hamilton (AUS) 14th Jul,To Be Placed,14-07-2025 07:08,61932521,7. Doctor Go Joh,0,10.50000000,1.0000,5.9349,1.00,1001.00,1.00,1001.00,20.28,0.00,0.00
245525927,Pakenham (AUS) 14th Jul,To Be Placed,14-07-2025 08:00,85854873,13. Hughie,0,6.55801951,1.0000,2.8738,1.00,1001.00,1.00,1001.00,989.37,0.00,0.00
245555146,Scone (AUS) 14th Jul,To Be Placed,14-07-2025 03:20,85813732,8. All Too Sheik,0,8.06677764,1.0000,4.5738,1.00,1001.00,1.00,1001.00,246.27,0.00,0.00
245586671,Globe Derby (AUS) 14th Jul,To Be Placed,14-07-2025 09:26,50836142,8. Muscle Miss,1,2.18000000,1.0000,2.0341,1.00,1001.00,1.00,1001.00,71.48,0.00,0.00
245556156,Mount Isa (AUS) 14th Jul,To Be Placed,14-07-2025 06:45,74039900,5. Card Board Cut Out,0,4.90000000,1.0000,3.9963,1.00,1001.00,1.00,1001.00,503.24,0.00,0.00
245584627,Hamilton (AUS) 14th Jul,To Be Placed,14-07-2025 04:07,61522724,7. Happy Escape,1,9.80000000,1.0000,8.0389,1.00,1001.00,1.00,1001.00,64.11,0.00,0.00
245586671,Globe Derby (AUS) 14th Jul,To Be Placed,14-07-2025 09:26,39056797,7. Perseveranse,0,48.00000000,1.0000,18.4698,1.00,1001.00,1.00,1001.00,3.32,0.00,0.00
245586727,Pinjarra (AUS) 14th Jul,To Be Placed,14-07-2025 09:16,50016701,4. Mister Ridgewell,0,5.10000000,1.0000,2.9839,1.00,1001.00,1.00,1001.00,23.48,0.00,0.00
245555151,Scone (AUS) 14th Jul,To Be Placed,14-07-2025 03:55,85813734,2. Royal Armada,1,1.35000000,1.0000,1.2549,1.00,1001.00,1.00,1001.00,1201.96,0.00,0.00
245586659,Globe Derby (AUS) 14th Jul,To Be Placed,14-07-2025 06:13,79893299,4. Our Wild Irish Rose,0,2.04000000,1.0000,1.9790,1.00,1001.00,1.00,1001.00,164.02,0.00,0.00
245584637,Hamilton (AUS) 14th Jul,To Be Placed,14-07-2025 07:08,9171881,6. Dancin With Elvis,0,19.50000000,1.0000,1.8947,1.00,1001.00,1.00,1001.00,2.28,0.00,0.00
245584631,Hamilton (AUS) 14th Jul,To Be Placed,14-07-2025 05:17,85815274,6. Livermere,1,2.02000000,1.0000,1.6394,1.00,1001.00,1.00,1001.00,144.61,0.00,0.00
245584637,Hamilton (AUS) 14th Jul,To Be Placed,14-07-2025 07:08,38605720,8. She Will Wantano,1,2.50000000,1.0000,2.3055,1.00,1001.00,1.00,1001.00,138.75,0.00,0.00
245584645,Redcliffe (AUS) 14th Jul,To Be Placed,14-07-2025 10:10,42170276,2. Dashndot,0,3.49963459,1.0000,2.9685,1.00,1001.00,1.00,1001.00,199.31,0.00,0.00
245586659,Globe Derby (AUS) 14th Jul,To Be Placed,14-07-2025 06:13,85827746,10. Zany Girl,1,1.55000000,1.0000,1.5624,1.00,1001.00,1.00,1001.00,124.60,0.00,0.00
245586655,Globe Derby (AUS) 14th Jul,To Be Placed,14-07-2025 05:03,85827744,7. Intriguing Girl,0,5.50000000,1.0000,4.3749,1.00,1001.00,1.00,1001.00,70.74,0.00,0.00
245584601,Menangle (AUS) 14th Jul,To Be Placed,14-07-2025 07:55,936288,6. Port Au Prince,0,2.84000000,1.0000,1.9440,1.00,1001.00,1.00,1001.00,82.91,0.00,0.00
245586719,Pinjarra (AUS) 14th Jul,To Be Placed,14-07-2025 06:55,76627083,5. Girl Of Brightness,1,1.71000000,1.0000,1.6598,1.00,1001.00,1.00,1001.00,199.74,0.00,0.00
245525927,Pakenham (AUS) 14th Jul,To Be Placed,14-07-2025 08:00,80679078,9. Kalimna Views,1,7.20000000,1.0000,6.4566,1.00,1001.00,1.00,1001.00,455.30,0.00,0.00
245586723,Pinjarra (AUS) 14th Jul,To Be Placed,14-07-2025 08:11,74824298,10. Balingup Boy,0,3.05000000,1.0000,2.8297,1.00,1001.00,1.00,1001.00,163.04,0.00,0.00
245555176,Scone (AUS) 14th Jul,To Be Placed,14-07-2025 07:05,78713568,2. Hes My Warrior,1,1.35760782,1.0000,1.2501,1.00,1001.00,1.00,1001.00,1448.42,0.00,0.00
245555166,Scone (AUS) 14th Jul,To Be Placed,14-07-2025 05:50,82895301,13. Pathelia,1,4.30000000,1.0000,3.6091,1.00,1001.00,1.00,1001.00,240.11,0.00,0.00
245584595,Menangle (AUS) 14th Jul,To Be Placed,14-07-2025 06:40,49270146,5. Just Home Grown,1,3.10000000,1.0000,2.4644,1.00,1001.00,1.00,1001.00,56.25,0.00,0.00
245525927,Pakenham (AUS) 14th Jul,To Be Placed,14-07-2025 08:00,40447092,1. Jucconi,0,13.00000000,1.0000,6.6421,1.00,1001.00,1.00,1001.00,555.45,0.00,0.00
245556141,Mount Isa (AUS) 14th Jul,To Be Placed,14-07-2025 04:55,49144124,6. Pennypacker,1,1.47000000,1.0000,1.3492,1.00,1001.00,1.00,1001.00,629.83,0.00,0.00
245555181,Scone (AUS) 14th Jul,To Be Placed,14-07-2025 07:40,64575010,6. Jo Jo Sun,0,5.70000000,1.0000,3.6910,1.00,1001.00,1.00,1001.00,213.09,0.00,0.00
245584627,Hamilton (AUS) 14th Jul,To Be Placed,14-07-2025 04:07,78231469,6. Rasengan,0,2.76690206,1.0000,1.7935,1.00,1001.00,1.00,1001.00,282.70,0.00,0.00
245584643,Redcliffe (AUS) 14th Jul,To Be Placed,14-07-2025 09:38,43434266,3. Sporting Tristar,0,6.60000000,1.0000,3.5988,1.00,1001.00,1.00,1001.00,276.09,0.00,0.00
245586729,Pinjarra (AUS) 14th Jul,To Be Placed,14-07-2025 09:51,58543787,9. Straylya,0,3.50000000,1.0000,2.0203,1.00,1001.00,1.00,1001.00,29.32,0.00,0.00
245586669,Globe Derby (AUS) 14th Jul,To Be Placed,14-07-2025 08:58,20357251,4. Fletchas Roy,0,8.80000000,1.0000,6.1781,1.00,1001.00,1.00,1001.00,17.81,0.00,0.00
245584627,Hamilton (AUS) 14th Jul,To Be Placed,14-07-2025 04:07,85815272,8. Trottenem Magic,0,3.80000000,1.0000,3.2812,1.00,1001.00,1.00,1001.00,711.37,0.00,0.00
245555151,Scone (AUS) 14th Jul,To Be Placed,14-07-2025 03:55,63161105,7. Holy Song,0,5.30000000,1.0000,3.6737,1.00,1001.00,1.00,1001.00,286.60,0.00,0.00
245556161,Mount Isa (AUS) 14th Jul,To Be Placed,14-07-2025 07:20,73482984,10. Geoff And Jenny,0,8.40000000,1.0000,4.5856,1.00,1001.00,1.00,1001.00,83.87,0.00,0.00
245584589,Menangle (AUS) 14th Jul,To Be Placed,14-07-2025 05:25,26585906,4. Ima Shinkansen,0,4.84210526,1.0000,3.8497,1.00,1001.00,1.00,1001.00,85.01,0.00,0.00
245584586,Menangle (AUS) 14th Jul,To Be Placed,14-07-2025 04:50,39000741,6. Chief Runningcloud,1,8.32875746,1.0000,4.7404,1.00,1001.00,1.00,1001.00,20.57,0.00,0.00
245555156,Scone (AUS) 14th Jul,To Be Placed,14-07-2025 04:35,83677135,3. Irish Accolade,0,4.45001800,1.0000,2.9214,1.00,1001.00,1.00,1001.00,69.46,0.00,0.00
245556131,Mount Isa (AUS) 14th Jul,To Be Placed,14-07-2025 03:40,82375963,8. Kouklitsa,1,2.02692165,1.0000,1.7451,1.00,1001.00,1.00,1001.00,830.06,0.00,0.00
245586713,Pinjarra (AUS) 14th Jul,To Be Placed,14-07-2025 05:09,85827732,1. Contessa Julie,0,84.03482587,1.0000,27.3464,1.00,1001.00,1.00,1001.00,9.12,0.00,0.00
245555166,Scone (AUS) 14th Jul,To Be Placed,14-07-2025 05:50,75018943,5. Vence,0,4.40000000,1.0000,2.7574,1.00,1001.00,1.00,1001.00,93.23,0.00,0.00
245555151,Scone (AUS) 14th Jul,To Be Placed,14-07-2025 03:55,84733061,8. Liberty London,0,2.52000000,1.0000,1.7571,1.00,1001.00,1.00,1001.00,929.94,0.00,0.00
245584592,Menangle (AUS) 14th Jul,To Be Placed,14-07-2025 06:03,38946653,2. Halloween,0,3.40000000,1.0000,1.3052,1.00,1001.00,1.00,1001.00,51.59,0.00,0.00
245586669,Globe Derby (AUS) 14th Jul,To Be Placed,14-07-2025 08:58,46863077,5. Lina And Molly,0,55.00000000,1.0000,37.7317,1.00,1001.00,1.00,1001.00,40.26,0.00,0.00
245586655,Globe Derby (AUS) 14th Jul,To Be Placed,14-07-2025 05:03,85827741,2. Little Bee Buzzing,0,20.72926616,1.0000,3.5593,1.00,1001.00,1.00,1001.00,20.74,0.00,0.00
245586653,Globe Derby (AUS) 14th Jul,To Be Placed,14-07-2025 04:23,166141,5. Wrangler,0,9.40000000,1.0000,3.9818,1.00,1001.00,1.00,1001.00,6.82,0.00,0.00
245556156,Mount Isa (AUS) 14th Jul,To Be Placed,14-07-2025 06:45,70169810,6. Without,1,1.39000000,1.0000,1.2526,1.00,1001.00,1.00,1001.00,823.56,0.00,0.00
245584583,Menangle (AUS) 14th Jul,To Be Placed,14-07-2025 04:15,73222774,3. Nothing I Want,0,2.94000000,1.0000,2.3700,1.00,1001.00,1.00,1001.00,333.45,0.00,0.00
245586661,Globe Derby (AUS) 14th Jul,To Be Placed,14-07-2025 06:48,20298808,1. Dont Tell Alice,1,1.82000000,1.0000,1.7605,1.00,1001.00,1.00,1001.00,1058.67,0.00,0.00
245556136,Mount Isa (AUS) 14th Jul,To Be Placed,14-07-2025 04:20,84223199,7. Solar Sert,0,4.10000000,1.0000,3.7724,1.00,1001.00,1.00,1001.00,156.49,0.00,0.00
245584635,Hamilton (AUS) 14th Jul,To Be Placed,14-07-2025 06:33,41997526,3. Ranger Rick,1,1.35000000,1.0000,1.3116,1.00,1001.00,1.00,1001.00,279.92,0.00,0.00
245584653,Redcliffe (AUS) 14th Jul,To Be Placed,14-07-2025 12:05,70635383,3. Melton Schleger,1,4.04252517,1.0000,3.3024,1.00,1001.00,1.00,1001.00,3.78,0.00,0.00
245586723,Pinjarra (AUS) 14th Jul,To Be Placed,14-07-2025 08:11,17424557,6. The Inside Scoop,0,22.00000000,1.0000,13.8132,1.00,1001.00,1.00,1001.00,41.08,0.00,0.00
245555181,Scone (AUS) 14th Jul,To Be Placed,14-07-2025 07:40,50739679,2. Cupids Kiss,0,21.51902994,1.0000,12.2342,1.00,1001.00,1.00,1001.00,101.86,0.00,0.00
245555171,Scone (AUS) 14th Jul,To Be Placed,14-07-2025 06:25,62326722,6. Lord Protector,0,1.66000000,1.0000,1.5491,1.00,1001.00,1.00,1001.00,1144.13,0.00,0.00
245584583,Menangle (AUS) 14th Jul,To Be Placed,14-07-2025 04:15,85827729,8. Your Majesty,1,8.80000000,1.0000,4.5912,1.00,1001.00,1.00,1001.00,48.38,0.00,0.00
245586719,Pinjarra (AUS) 14th Jul,To Be Placed,14-07-2025 06:55,72618305,11. The Bettor Side,1,1.29000000,1.0000,1.2473,1.00,1001.00,1.00,1001.00,187.16,0.00,0.00
245584631,Hamilton (AUS) 14th Jul,To Be Placed,14-07-2025 05:17,37290344,1. El Awoman,1,2.52000000,1.0000,2.3691,1.00,1001.00,1.00,1001.00,586.72,0.00,0.00
245586727,Pinjarra (AUS) 14th Jul,To Be Placed,14-07-2025 09:16,69366020,2. Lenora Jane,0,5.60000000,1.0000,4.3339,1.00,1001.00,1.00,1001.00,308.99,0.00,0.00
245525863,Pakenham (AUS) 14th Jul,To Be Placed,14-07-2025 04:00,85854825,7. Head Capitalist,0,10.50000000,1.0000,5.7078,1.00,1001.00,1.00,1001.00,42.96,0.00,0.00
245584645,Redcliffe (AUS) 14th Jul,To Be Placed,14-07-2025 10:10,53126768,3. Absolutely Stoked,1,1.62000000,1.0000,1.4861,1.00,1001.00,1.00,1001.00,345.97,0.00,0.00
245586715,Pinjarra (AUS) 14th Jul,To Be Placed,14-07-2025 05:45,60010473,4. Iwill Never Know,0,1.28000000,1.0000,1.2701,1.00,1001.00,1.00,1001.00,878.63,0.00,0.00
245584604,Menangle (AUS) 14th Jul,To Be Placed,14-07-2025 08:25,51785185,1. Donnie Mac,0,9.00000000,1.0000,6.4079,1.00,1001.00,1.00,1001.00,50.78,0.00,0.00
245556161,Mount Isa (AUS) 14th Jul,To Be Placed,14-07-2025 07:20,64574936,2. Tricketeer,0,7.89973555,1.0000,4.4985,1.00,1001.00,1.00,1001.00,129.29,0.00,0.00
245556151,Mount Isa (AUS) 14th Jul,To Be Placed,14-07-2025 06:10,62908056,5. Project Xero,0,2.73257618,1.0000,2.3110,1.00,1001.00,1.00,1001.00,222.67,0.00,0.00
245584647,Redcliffe (AUS) 14th Jul,To Be Placed,14-07-2025 10:41,23783389,6. Cheddar Made Beta,0,3.77551071,1.0000,3.2802,1.00,1001.00,1.00,1001.00,260.38,0.00,0.00
245584601,Menangle (AUS) 14th Jul,To Be Placed,14-07-2025 07:55,41488605,1. King Tiger,0,1.88000000,1.0000,1.5726,1.00,1001.00,1.00,1001.00,221.64,0.00,0.00
245586663,Globe Derby (AUS) 14th Jul,To Be Placed,14-07-2025 07:23,53112729,8. Powerlinc,0,5.10000000,1.0000,2.7602,1.00,1001.00,1.00,1001.00,79.94,0.00,0.00
245584655,Redcliffe (AUS) 14th Jul,To Be Placed,14-07-2025 12:33,85780668,8. Gleneagle Fire,1,2.22000000,1.0000,1.0000,1.00,1001.00,1.00,1001.00,0.00,0.00,0.00
245555171,Scone (AUS) 14th Jul,To Be Placed,14-07-2025 06:25,85813743,8. Cheap Gas,1,3.10259030,1.0000,2.2011,1.00,1001.00,1.00,1001.00,630.17,0.00,0.00
245586661,Globe Derby (AUS) 14th Jul,To Be Placed,14-07-2025 06:48,25182082,7. Childers Road,0,6.20000000,1.0000,2.8233,1.00,1001.00,1.00,1001.00,32.97,0.00,0.00
245586655,Globe Derby (AUS) 14th Jul,To Be Placed,14-07-2025 05:03,85827742,5. Lochinvar Hawk,0,3.90000000,1.0000,2.6948,1.00,1001.00,1.00,1001.00,31.12,0.00,0.00
245584589,Menangle (AUS) 14th Jul,To Be Placed,14-07-2025 05:25,76055996,8. Fly Over States,0,4.40000000,1.0000,3.0540,1.00,1001.00,1.00,1001.00,55.78,0.00,0.00
245584651,Redcliffe (AUS) 14th Jul,To Be Placed,14-07-2025 11:37,76454133,3. Eliarn,1,4.10000000,1.0000,3.4079,1.00,1001.00,1.00,1001.00,162.30,0.00,0.00
245586667,Globe Derby (AUS) 14th Jul,To Be Placed,14-07-2025 08:32,12692906,4. Feisty Jane,1,1.34000000,1.0000,1.3487,1.00,1001.00,1.00,1001.00,309.25,0.00,0.00
245584653,Redcliffe (AUS) 14th Jul,To Be Placed,14-07-2025 12:05,11767183,4. Lazy Blaze,0,17.89454540,1.0000,18.5492,1.00,1001.00,1.00,1001.00,4.46,0.00,0.00
245586667,Globe Derby (AUS) 14th Jul,To Be Placed,14-07-2025 08:32,43045961,5. Clarenden Legacy,0,9.80000000,1.0000,5.3208,1.00,1001.00,1.00,1001.00,9.30,0.00,0.00
245556141,Mount Isa (AUS) 14th Jul,To Be Placed,14-07-2025 04:55,56089703,2. Declassify,0,4.10000000,1.0000,3.2868,1.00,1001.00,1.00,1001.00,250.67,0.00,0.00
245584601,Menangle (AUS) 14th Jul,To Be Placed,14-07-2025 07:55,48458587,2. Classic Mission,0,4.89649680,1.0000,3.1664,1.00,1001.00,1.00,1001.00,123.33,0.00,0.00
245584583,Menangle (AUS) 14th Jul,To Be Placed,14-07-2025 04:15,4646320,4. Ivanka,0,1.49646214,1.0000,1.3850,1.00,1001.00,1.00,1001.00,431.58,0.00,0.00
245584637,Hamilton (AUS) 14th Jul,To Be Placed,14-07-2025 07:08,38936663,9. Presidentialchange,1,1.36000000,1.0000,1.2911,1.00,1001.00,1.00,1001.00,154.06,0.00,0.00
245584635,Hamilton (AUS) 14th Jul,To Be Placed,14-07-2025 06:33,49697252,10. The Sportz Star,1,2.34111570,1.0000,1.9017,1.00,1001.00,1.00,1001.00,101.98,0.00,0.00
245525879,Pakenham (AUS) 14th Jul,To Be Placed,14-07-2025 05:00,85854841,12. Cyssan,1,4.38756793,1.0000,3.3649,1.00,1001.00,1.00,1001.00,1039.29,0.00,0.00
245584649,Redcliffe (AUS) 14th Jul,To Be Placed,14-07-2025 11:09,42751695,4. Kiwi Royalty,1,12.71348865,1.0000,7.7344,1.00,1001.00,1.00,1001.00,69.34,0.00,0.00
245525911,Pakenham (AUS) 14th Jul,To Be Placed,14-07-2025 07:00,79195789,8. Nothingelsematters,0,6.80000000,1.0000,6.6795,1.00,1001.00,1.00,1001.00,526.82,0.00,0.00
245556151,Mount Isa (AUS) 14th Jul,To Be Placed,14-07-2025 06:10,82116884,7. The Boi,0,4.20000000,1.0000,3.8037,1.00,1001.00,1.00,1001.00,382.31,0.00,0.00
245584629,Hamilton (AUS) 14th Jul,To Be Placed,14-07-2025 04:42,61792606,4. Mattyo,1,1.76000000,1.0000,1.7128,1.00,1001.00,1.00,1001.00,549.62,0.00,0.00
245586721,Pinjarra (AUS) 14th Jul,To Be Placed,14-07-2025 07:33,51060011,9. Sunpatra,0,10.00000000,1.0000,2.2781,1.00,1001.00,1.00,1001.00,13.52,0.00,0.00
245525903,Pakenham (AUS) 14th Jul,To Be Placed,14-07-2025 06:30,85854860,9. Jenni The Tank,0,7.40000000,1.0000,3.4035,1.00,1001.00,1.00,1001.00,166.00,0.00,0.00
245586721,Pinjarra (AUS) 14th Jul,To Be Placed,14-07-2025 07:33,61833100,12. Soho Gigolo,1,2.23000000,1.0000,2.1583,1.00,1001.00,1.00,1001.00,50.12,0.00,0.00
245525863,Pakenham (AUS) 14th Jul,To Be Placed,14-07-2025 04:00,85854828,10. Sweet Farnan,0,4.58665903,1.0000,2.8342,1.00,1001.00,1.00,1001.00,485.70,0.00,0.00
245555166,Scone (AUS) 14th Jul,To Be Placed,14-07-2025 05:50,70421238,4. Dipierdomenico,0,14.50000000,1.0000,2.8869,1.00,1001.00,1.00,1001.00,8.05,0.00,0.00
245556146,Mount Isa (AUS) 14th Jul,To Be Placed,14-07-2025 05:35,28334898,5. Theresabearinthere,0,5.00000000,1.0000,4.2072,1.00,1001.00,1.00,1001.00,126.47,0.00,0.00
245586717,Pinjarra (AUS) 14th Jul,To Be Placed,14-07-2025 06:20,78542694,8. Betty Bootz Off,0,2.96000000,1.0000,2.2501,1.00,1001.00,1.00,1001.00,103.27,0.00,0.00
245525895,Pakenham (AUS) 14th Jul,To Be Placed,14-07-2025 06:00,563127,8. Thunder Hawk,1,3.96833797,1.0000,3.4728,1.00,1001.00,1.00,1001.00,1054.92,0.00,0.00
245525927,Pakenham (AUS) 14th Jul,To Be Placed,14-07-2025 08:00,85854871,3. Kinetic Jewel,0,1.22131911,1.0000,1.1827,1.00,1001.00,1.00,1001.00,4588.79,0.00,0.00
245555181,Scone (AUS) 14th Jul,To Be Placed,14-07-2025 07:40,85813749,13. Desert Cougar,0,7.00000000,1.0000,3.6079,1.00,1001.00,1.00,1001.00,393.04,0.00,0.00
245555156,Scone (AUS) 14th Jul,To Be Placed,14-07-2025 04:35,77081966,12. Real Housewives,1,1.98593343,1.0000,1.7156,1.00,1001.00,1.00,1001.00,151.07,0.00,0.00
245584592,Menangle (AUS) 14th Jul,To Be Placed,14-07-2025 06:03,39008261,6. Classicmajor,1,2.84000000,1.0000,2.2561,1.00,1001.00,1.00,1001.00,49.92,0.00,0.00
245586717,Pinjarra (AUS) 14th Jul,To Be Placed,14-07-2025 06:20,13354312,7. Posseidon,0,9.00000000,1.0000,8.5042,1.00,1001.00,1.00,1001.00,28.24,0.00,0.00
245586713,Pinjarra (AUS) 14th Jul,To Be Placed,14-07-2025 05:09,85827736,7. Im Category Five,1,3.80000000,1.0000,3.1874,1.00,1001.00,1.00,1001.00,107.36,0.00,0.00
245555166,Scone (AUS) 14th Jul,To Be Placed,14-07-2025 05:50,57377477,9. Fantastic Beast,1,3.35000000,1.0000,2.9204,1.00,1001.00,1.00,1001.00,916.42,0.00,0.00
245586725,Pinjarra (AUS) 14th Jul,To Be Placed,14-07-2025 08:46,69366027,4. Highview Heidi,0,4.40000000,1.0000,2.9755,1.00,1001.00,1.00,1001.00,51.26,0.00,0.00
245586719,Pinjarra (AUS) 14th Jul,To Be Placed,14-07-2025 06:55,71687446,4. Ciganda,1,2.48000000,1.0000,2.4211,1.00,1001.00,1.00,1001.00,90.41,0.00,0.00
245586725,Pinjarra (AUS) 14th Jul,To Be Placed,14-07-2025 08:46,81519865,6. Soho Margarita,0,10.50000000,1.0000,8.6574,1.00,1001.00,1.00,1001.00,33.75,0.00,0.00
245584589,Menangle (AUS) 14th Jul,To Be Placed,14-07-2025 05:25,85827730,5. Depassant,0,26.00000000,1.0000,8.1449,1.00,1001.00,1.00,1001.00,31.60,0.00,0.00
245584627,Hamilton (AUS) 14th Jul,To Be Placed,14-07-2025 04:07,83677802,5. Shonee,1,1.68000000,1.0000,1.3523,1.00,1001.00,1.00,1001.00,216.96,0.00,0.00
245584637,Hamilton (AUS) 14th Jul,To Be Placed,14-07-2025 07:08,1439434,10. Sea Hunter,0,9.80000000,1.0000,4.7264,1.00,1001.00,1.00,1001.00,8.48,0.00,0.00
245584637,Hamilton (AUS) 14th Jul,To Be Placed,14-07-2025 07:08,38031217,4. Bayside Victory,0,21.00000000,1.0000,1.7466,1.00,1001.00,1.00,1001.00,5.17,0.00,0.00
245525895,Pakenham (AUS) 14th Jul,To Be Placed,14-07-2025 06:00,85854858,3. King Of Cordoba,0,5.48497090,1.0000,3.0314,1.00,1001.00,1.00,1001.00,965.02,0.00,0.00
245525895,Pakenham (AUS) 14th Jul,To Be Placed,14-07-2025 06:00,69161543,10. Inspired Choice,0,10.65747726,1.0000,7.6655,1.00,1001.00,1.00,1001.00,237.21,0.00,0.00
245525887,Pakenham (AUS) 14th Jul,To Be Placed,14-07-2025 05:30,85854847,2. Ask Your Mother,0,1.86169980,1.0000,1.3068,1.00,1001.00,1.00,1001.00,5215.10,0.00,0.00
245586661,Globe Derby (AUS) 14th Jul,To Be Placed,14-07-2025 06:48,37582084,5. Whitestarchristian,0,3.10000000,1.0000,1.9312,1.00,1001.00,1.00,1001.00,76.13,0.00,0.00
245555181,Scone (AUS) 14th Jul,To Be Placed,14-07-2025 07:40,46159270,12. Dolly Jayne,0,4.30000000,1.0000,3.0809,1.00,1001.00,1.00,1001.00,368.10,0.00,0.00
245555151,Scone (AUS) 14th Jul,To Be Placed,14-07-2025 03:55,85282962,3. Keinbahs Gift,0,3.10000000,1.0000,2.5195,1.00,1001.00,1.00,1001.00,434.00,0.00,0.00
245586653,Globe Derby (AUS) 14th Jul,To Be Placed,14-07-2025 04:23,51054266,3. Euro Beat,0,3.22778672,1.0000,2.4509,1.00,1001.00,1.00,1001.00,515.47,0.00,0.00
245525911,Pakenham (AUS) 14th Jul,To Be Placed,14-07-2025 07:00,61861595,13. Mana Combat,0,22.55166831,1.0000,11.9608,1.00,1001.00,1.00,1001.00,148.86,0.00,0.00
245555171,Scone (AUS) 14th Jul,To Be Placed,14-07-2025 06:25,73526780,7. The Piccolino,1,2.40000000,1.0000,1.8694,1.00,1001.00,1.00,1001.00,535.35,0.00,0.00
245586661,Globe Derby (AUS) 14th Jul,To Be Placed,14-07-2025 06:48,18112971,3. Golden Jaylet,0,2.02000000,1.0000,1.8213,1.00,1001.00,1.00,1001.00,52.56,0.00,0.00
245555171,Scone (AUS) 14th Jul,To Be Placed,14-07-2025 06:25,85319959,5. Nyali Sands,0,3.50000000,1.0000,1.6753,1.00,1001.00,1.00,1001.00,359.91,0.00,0.00
245584639,Hamilton (AUS) 14th Jul,To Be Placed,14-07-2025 07:47,85060598,1. Jilliby Moon,0,2.38000000,1.0000,2.0004,1.00,1001.00,1.00,1001.00,132.97,0.00,0.00
245556151,Mount Isa (AUS) 14th Jul,To Be Placed,14-07-2025 06:10,71180282,1. Frozen Prince,1,1.84658849,1.0000,1.7702,1.00,1001.00,1.00,1001.00,1236.19,0.00,0.00
245584639,Hamilton (AUS) 14th Jul,To Be Placed,14-07-2025 07:47,85815282,5. Jilliby Tomcat,1,1.62000000,1.0000,1.5847,1.00,1001.00,1.00,1001.00,495.05,0.00,0.00
245584637,Hamilton (AUS) 14th Jul,To Be Placed,14-07-2025 07:08,17006287,1. Areuohkay,0,65.00000000,1.0000,25.0536,1.00,1001.00,1.00,1001.00,2.98,0.00,0.00
245525903,Pakenham (AUS) 14th Jul,To Be Placed,14-07-2025 06:30,28547102,1. Austrata,1,2.81247100,1.0000,2.6356,1.00,1001.00,1.00,1001.00,540.51,0.00,0.00
245555156,Scone (AUS) 14th Jul,To Be Placed,14-07-2025 04:35,62432854,7. Ichika,1,1.21230880,1.0000,1.1916,1.00,1001.00,1.00,1001.00,636.89,0.00,0.00
245555146,Scone (AUS) 14th Jul,To Be Placed,14-07-2025 03:20,276863,7. She Can Dance,0,8.39128751,1.0000,7.3460,1.00,1001.00,1.00,1001.00,322.61,0.00,0.00
245584601,Menangle (AUS) 14th Jul,To Be Placed,14-07-2025 07:55,62686445,8. Til Heavens Rockn,0,16.00000000,1.0000,8.3534,1.00,1001.00,1.00,1001.00,43.88,0.00,0.00
245525863,Pakenham (AUS) 14th Jul,To Be Placed,14-07-2025 04:00,85854823,5. Wetumpka,1,1.30000000,1.0000,1.2084,1.00,1001.00,1.00,1001.00,2442.95,0.00,0.00
245555171,Scone (AUS) 14th Jul,To Be Placed,14-07-2025 06:25,53719913,1. Shamedy,0,4.60000000,1.0000,3.5005,1.00,1001.00,1.00,1001.00,919.68,0.00,0.00
245555166,Scone (AUS) 14th Jul,To Be Placed,14-07-2025 05:50,80603359,6. Gloryess,0,7.07121338,1.0000,6.8632,1.00,1001.00,1.00,1001.00,1067.35,0.00,0.00
245556161,Mount Isa (AUS) 14th Jul,To Be Placed,14-07-2025 07:20,67077039,9. Curry Legend,1,2.14167351,1.0000,2.0604,1.00,1001.00,1.00,1001.00,688.39,0.00,0.00
245525863,Pakenham (AUS) 14th Jul,To Be Placed,14-07-2025 04:00,85854821,2. Imaginate,1,3.95000000,1.0000,3.3578,1.00,1001.00,1.00,1001.00,504.82,0.00,0.00
245584641,Redcliffe (AUS) 14th Jul,To Be Placed,14-07-2025 09:03,70706494,1. Amillionchances,0,1.67000000,1.0000,1.6208,1.00,1001.00,1.00,1001.00,672.33,0.00,0.00
245584631,Hamilton (AUS) 14th Jul,To Be Placed,14-07-2025 05:17,26721253,9. Kempseys Delight,0,4.90000000,1.0000,2.7437,1.00,1001.00,1.00,1001.00,20.96,0.00,0.00
245555181,Scone (AUS) 14th Jul,To Be Placed,14-07-2025 07:40,46652464,15. Indian Thunder,0,34.00000000,1.0000,21.3005,1.00,1001.00,1.00,1001.00,99.28,0.00,0.00
245586657,Globe Derby (AUS) 14th Jul,To Be Placed,14-07-2025 05:38,76407688,1. Quartararo,0,55.00000000,1.0000,27.7211,1.00,1001.00,1.00,1001.00,5.02,0.00,0.00
245525903,Pakenham (AUS) 14th Jul,To Be Placed,14-07-2025 06:30,49891528,2. Bob The Horse,0,9.76681067,1.0000,4.4811,1.00,1001.00,1.00,1001.00,186.52,0.00,0.00
245525863,Pakenham (AUS) 14th Jul,To Be Placed,14-07-2025 04:00,85854829,12. Zou Doll,0,2.04222220,1.0000,1.8634,1.00,1001.00,1.00,1001.00,1658.33,0.00,0.00
245525863,Pakenham (AUS) 14th Jul,To Be Placed,14-07-2025 04:00,78230295,11. Wild Roses Grow,0,59.03400471,1.0000,41.8018,1.00,1001.00,1.00,1001.00,172.64,0.00,0.00
245556161,Mount Isa (AUS) 14th Jul,To Be Placed,14-07-2025 07:20,82117749,1. Dance Wizzard,1,1.54000000,1.0000,1.4580,1.00,1001.00,1.00,1001.00,857.34,0.00,0.00
245584641,Redcliffe (AUS) 14th Jul,To Be Placed,14-07-2025 09:03,38936330,3. The Harris Hawk,0,4.80000000,1.0000,2.1301,1.00,1001.00,1.00,1001.00,14.84,0.00,0.00
245525903,Pakenham (AUS) 14th Jul,To Be Placed,14-07-2025 06:30,69967575,4. More Torque,0,2.62000000,1.0000,2.3259,1.00,1001.00,1.00,1001.00,966.42,0.00,0.00
245586663,Globe Derby (AUS) 14th Jul,To Be Placed,14-07-2025 07:23,18986230,1. Boss Major,1,3.55000000,1.0000,3.3505,1.00,1001.00,1.00,1001.00,915.62,0.00,0.00
245556161,Mount Isa (AUS) 14th Jul,To Be Placed,14-07-2025 07:20,41408702,3. Zavaboom,1,1.83317676,1.0000,1.5524,1.00,1001.00,1.00,1001.00,865.47,0.00,0.00
245586665,Globe Derby (AUS) 14th Jul,To Be Placed,14-07-2025 08:03,85827747,9. Stormy Gale,0,4.00000000,1.0000,3.1291,1.00,1001.00,1.00,1001.00,237.89,0.00,0.00
245556136,Mount Isa (AUS) 14th Jul,To Be Placed,14-07-2025 04:20,56089458,1. December Sky,0,6.40000000,1.0000,5.9946,1.00,1001.00,1.00,1001.00,442.76,0.00,0.00
245525887,Pakenham (AUS) 14th Jul,To Be Placed,14-07-2025 05:30,71723383,4. Clench,1,2.04000000,1.0000,1.5887,1.00,1001.00,1.00,1001.00,527.98,0.00,0.00
245586721,Pinjarra (AUS) 14th Jul,To Be Placed,14-07-2025 07:33,81565876,4. Switch Blade,0,5.30000000,1.0000,4.1034,1.00,1001.00,1.00,1001.00,66.90,0.00,0.00
245584645,Redcliffe (AUS) 14th Jul,To Be Placed,14-07-2025 10:10,44536900,9. La Sabina,1,1.35000000,1.0000,1.2699,1.00,1001.00,1.00,1001.00,85.58,0.00,0.00
245586719,Pinjarra (AUS) 14th Jul,To Be Placed,14-07-2025 06:55,79523496,3. Follow Your Mother,0,13.50000000,1.0000,8.6262,1.00,1001.00,1.00,1001.00,97.69,0.00,0.00
245586657,Globe Derby (AUS) 14th Jul,To Be Placed,14-07-2025 05:38,65574271,6. Sammy Barbaro,0,6.00000000,1.0000,3.5558,1.00,1001.00,1.00,1001.00,27.33,0.00,0.00
245586721,Pinjarra (AUS) 14th Jul,To Be Placed,14-07-2025 07:33,13321230,6. Tahi,0,3.15751986,1.0000,2.1423,1.00,1001.00,1.00,1001.00,110.33,0.00,0.00
245584651,Redcliffe (AUS) 14th Jul,To Be Placed,14-07-2025 11:37,703940,9. Lustre,1,1.27179560,1.0000,1.2421,1.00,1001.00,1.00,1001.00,736.64,0.00,0.00
245586661,Globe Derby (AUS) 14th Jul,To Be Placed,14-07-2025 06:48,11777253,9. Trigger,1,1.73000000,1.0000,1.2504,1.00,1001.00,1.00,1001.00,167.18,0.00,0.00
245584649,Redcliffe (AUS) 14th Jul,To Be Placed,14-07-2025 11:09,50889685,1. Lesvos Lad,0,2.26000000,1.0000,2.2427,1.00,1001.00,1.00,1001.00,1003.95,0.00,0.00
245555161,Scone (AUS) 14th Jul,To Be Placed,14-07-2025 05:10,85813738,2. Zelestial,1,1.25952614,1.0000,1.1744,1.00,1001.00,1.00,1001.00,1901.89,0.00,0.00
245586713,Pinjarra (AUS) 14th Jul,To Be Placed,14-07-2025 05:09,85293851,5. The Sea Siren,0,2.62000000,1.0000,2.2971,1.00,1001.00,1.00,1001.00,224.86,0.00,0.00
245525903,Pakenham (AUS) 14th Jul,To Be Placed,14-07-2025 06:30,69829670,6. Cinque Ponte,0,3.43269900,1.0000,2.8404,1.00,1001.00,1.00,1001.00,696.41,0.00,0.00
245525887,Pakenham (AUS) 14th Jul,To Be Placed,14-07-2025 05:30,85320214,1. Alpine Jack,0,60.00000000,1.0000,35.5453,1.00,1001.00,1.00,1001.00,105.24,0.00,0.00
245584589,Menangle (AUS) 14th Jul,To Be Placed,14-07-2025 05:25,67533326,1. Hesaa Lister,1,2.92000000,1.0000,1.9325,1.00,1001.00,1.00,1001.00,122.10,0.00,0.00
245584639,Hamilton (AUS) 14th Jul,To Be Placed,14-07-2025 07:47,85815287,12. Media Mogul,0,28.21533506,1.0000,15.9614,1.00,1001.00,1.00,1001.00,32.16,0.00,0.00
245556151,Mount Isa (AUS) 14th Jul,To Be Placed,14-07-2025 06:10,51808254,10. Snipillicious,0,8.60000000,1.0000,3.9302,1.00,1001.00,1.00,1001.00,85.43,0.00,0.00
245584629,Hamilton (AUS) 14th Jul,To Be Placed,14-07-2025 04:42,54705561,8. Sonarmi Joh,0,4.30000000,1.0000,3.4706,1.00,1001.00,1.00,1001.00,148.67,0.00,0.00
245556146,Mount Isa (AUS) 14th Jul,To Be Placed,14-07-2025 05:35,37792852,2. Hurtle,0,2.00000000,1.0000,1.8670,1.00,1001.00,1.00,1001.00,695.00,0.00,0.00
245584639,Hamilton (AUS) 14th Jul,To Be Placed,14-07-2025 07:47,85815280,2. Pretty Basic,0,2.29000000,1.0000,2.1996,1.00,1001.00,1.00,1001.00,209.68,0.00,0.00
245586725,Pinjarra (AUS) 14th Jul,To Be Placed,14-07-2025 08:46,70902825,8. Gelsomino Amal,0,4.20000000,1.0000,4.1482,1.00,1001.00,1.00,1001.00,1669.78,0.00,0.00
245525879,Pakenham (AUS) 14th Jul,To Be Placed,14-07-2025 05:00,23611741,13. Just Dance,0,28.24579397,1.0000,15.7603,1.00,1001.00,1.00,1001.00,126.91,0.00,0.00
245586671,Globe Derby (AUS) 14th Jul,To Be Placed,14-07-2025 09:26,28658206,4. Horse Of Course,0,1.79000000,1.0000,1.6650,1.00,1001.00,1.00,1001.00,24.42,0.00,0.00
245525879,Pakenham (AUS) 14th Jul,To Be Placed,14-07-2025 05:00,85854837,7. Blanche Bass,0,3.50474415,1.0000,3.3762,1.00,1001.00,1.00,1001.00,2113.35,0.00,0.00
245556141,Mount Isa (AUS) 14th Jul,To Be Placed,14-07-2025 04:55,61104735,7. Mister Moderation,1,3.35000000,1.0000,2.2455,1.00,1001.00,1.00,1001.00,4124.88,0.00,0.00
245586671,Globe Derby (AUS) 14th Jul,To Be Placed,14-07-2025 09:26,26435640,2. Winsome Ruby,0,10.00000000,1.0000,3.8544,1.00,1001.00,1.00,1001.00,6.43,0.00,0.00
245586729,Pinjarra (AUS) 14th Jul,To Be Placed,14-07-2025 09:51,51179176,1. Feeling Empathy,1,3.94032907,1.0000,3.5642,1.00,1001.00,1.00,1001.00,228.74,0.00,0.00
245525863,Pakenham (AUS) 14th Jul,To Be Placed,14-07-2025 04:00,85854827,9. Shes My Ex,1,1.75000000,1.0000,1.5264,1.00,1001.00,1.00,1001.00,1230.89,0.00,0.00
245584633,Hamilton (AUS) 14th Jul,To Be Placed,14-07-2025 05:53,81308821,4. Keayang Galliano,1,4.80000000,1.0000,2.8058,1.00,1001.00,1.00,1001.00,20.94,0.00,0.00
245586723,Pinjarra (AUS) 14th Jul,To Be Placed,14-07-2025 08:11,63648491,1. Ripper View,0,3.86475066,1.0000,3.4861,1.00,1001.00,1.00,1001.00,1730.48,0.00,0.00
245584583,Menangle (AUS) 14th Jul,To Be Placed,14-07-2025 04:15,39307934,5. Phoebe Majestic,0,24.42553400,1.0000,8.2923,1.00,1001.00,1.00,1001.00,33.62,0.00,0.00
245586727,Pinjarra (AUS) 14th Jul,To Be Placed,14-07-2025 09:16,60745603,5. Arionrock,1,4.50000000,1.0000,3.5951,1.00,1001.00,1.00,1001.00,81.24,0.00,0.00
245555166,Scone (AUS) 14th Jul,To Be Placed,14-07-2025 05:50,60815800,1. Annoint,0,1.72000000,1.0000,1.3937,1.00,1001.00,1.00,1001.00,1073.61,0.00,0.00
245586665,Globe Derby (AUS) 14th Jul,To Be Placed,14-07-2025 08:03,83679654,5. Harlem Town,0,18.09416666,1.0000,6.1675,1.00,1001.00,1.00,1001.00,8.63,0.00,0.00
245555156,Scone (AUS) 14th Jul,To Be Placed,14-07-2025 04:35,73526777,2. Hanoverian,0,2.84328305,1.0000,1.8483,1.00,1001.00,1.00,1001.00,210.65,0.00,0.00
245584653,Redcliffe (AUS) 14th Jul,To Be Placed,14-07-2025 12:05,56948503,8. Treacherous Gabby,0,2.23140666,1.0000,2.8983,1.00,1001.00,1.00,1001.00,248.70,0.00,0.00
245586725,Pinjarra (AUS) 14th Jul,To Be Placed,14-07-2025 08:46,72917817,7. Shes All Go,0,190.00000000,1.0000,56.6120,1.00,1001.00,1.00,1001.00,6.29,0.00,0.00
245525911,Pakenham (AUS) 14th Jul,To Be Placed,14-07-2025 07:00,85854865,14. Tradeworx,0,7.00000000,1.0000,5.3989,1.00,1001.00,1.00,1001.00,224.70,0.00,0.00
245555166,Scone (AUS) 14th Jul,To Be Placed,14-07-2025 05:50,85813741,10. Golden Artifact,0,75.00000000,1.0000,7.2217,1.00,1001.00,1.00,1001.00,10.37,0.00,0.00
245586655,Globe Derby (AUS) 14th Jul,To Be Placed,14-07-2025 05:03,71343089,8. Captains Dream,1,2.28000000,1.0000,2.0723,1.00,1001.00,1.00,1001.00,331.21,0.00,0.00
245556146,Mount Isa (AUS) 14th Jul,To Be Placed,14-07-2025 05:35,41589804,1. Han Dynasty,1,1.58000000,1.0000,1.5153,1.00,1001.00,1.00,1001.00,1006.50,0.00,0.00
245586729,Pinjarra (AUS) 14th Jul,To Be Placed,14-07-2025 09:51,28036664,7. Bealawyer,1,1.78000000,1.0000,1.7951,1.00,1001.00,1.00,1001.00,411.65,0.00,0.00
245556156,Mount Isa (AUS) 14th Jul,To Be Placed,14-07-2025 06:45,74227016,4. Hellarama,1,1.52488256,1.0000,1.4599,1.00,1001.00,1.00,1001.00,1669.14,0.00,0.00
245584645,Redcliffe (AUS) 14th Jul,To Be Placed,14-07-2025 10:10,59895598,1. My Ultimate Rudi,1,1.67000000,1.0000,1.5959,1.00,1001.00,1.00,1001.00,582.31,0.00,0.00
245584641,Redcliffe (AUS) 14th Jul,To Be Placed,14-07-2025 09:03,4424599,9. April In Paris,1,3.15000000,1.0000,2.7206,1.00,1001.00,1.00,1001.00,196.65,0.00,0.00
245555181,Scone (AUS) 14th Jul,To Be Placed,14-07-2025 07:40,67855618,11. Sacred Delago,0,6.80000000,1.0000,3.1530,1.00,1001.00,1.00,1001.00,465.98,0.00,0.00
245584598,Menangle (AUS) 14th Jul,To Be Placed,14-07-2025 07:15,75026644,4. Lets Turn It On,1,2.96000000,1.0000,2.0322,1.00,1001.00,1.00,1001.00,80.52,0.00,0.00
245584637,Hamilton (AUS) 14th Jul,To Be Placed,14-07-2025 07:08,85060674,12. Grinning Beach Boy,0,9.20000000,1.0000,1.3922,1.00,1001.00,1.00,1001.00,5.14,0.00,0.00
245586721,Pinjarra (AUS) 14th Jul,To Be Placed,14-07-2025 07:33,4311189,7. Call To Arms,0,5.80000000,1.0000,2.6919,1.00,1001.00,1.00,1001.00,23.36,0.00,0.00
245586669,Globe Derby (AUS) 14th Jul,To Be Placed,14-07-2025 08:58,51033548,7. The Irishman,0,12.50000000,1.0000,8.5502,1.00,1001.00,1.00,1001.00,21.90,0.00,0.00
245584633,Hamilton (AUS) 14th Jul,To Be Placed,14-07-2025 05:53,58454421,9. Gerrale,0,3.00000000,1.0000,1.7863,1.00,1001.00,1.00,1001.00,62.29,0.00,0.00
245586719,Pinjarra (AUS) 14th Jul,To Be Placed,14-07-2025 06:55,66561075,7. Shoobees Double,0,7.00000000,1.0000,4.4986,1.00,1001.00,1.00,1001.00,25.16,0.00,0.00
245525871,Pakenham (AUS) 14th Jul,To Be Placed,14-07-2025 04:30,78756168,10. Sharp Retort,0,7.54935945,1.0000,3.9623,1.00,1001.00,1.00,1001.00,484.25,0.00,0.00
245586665,Globe Derby (AUS) 14th Jul,To Be Placed,14-07-2025 08:03,67909058,3. Tommy Mach,1,1.30500000,1.0000,1.3927,1.00,1001.00,1.00,1001.00,184.90,0.00,0.00
245584643,Redcliffe (AUS) 14th Jul,To Be Placed,14-07-2025 09:38,27616785,8. Doolittle Doozzie,1,2.64084782,1.0000,2.3009,1.00,1001.00,1.00,1001.00,90.56,0.00,0.00
245525879,Pakenham (AUS) 14th Jul,To Be Placed,14-07-2025 05:00,85854836,6. You Never Can Tell,0,2.95123168,1.0000,2.5646,1.00,1001.00,1.00,1001.00,1389.37,0.00,0.00
245584641,Redcliffe (AUS) 14th Jul,To Be Placed,14-07-2025 09:03,52628455,4. Candykane,0,5.90000000,1.0000,2.6966,1.00,1001.00,1.00,1001.00,37.54,0.00,0.00
245586655,Globe Derby (AUS) 14th Jul,To Be Placed,14-07-2025 05:03,85827740,1. Fanci Secret,0,25.20388009,1.0000,11.9042,1.00,1001.00,1.00,1001.00,16.60,0.00,0.00
245556151,Mount Isa (AUS) 14th Jul,To Be Placed,14-07-2025 06:10,82343863,9. Tengun Annie,0,5.75167835,1.0000,4.0326,1.00,1001.00,1.00,1001.00,234.82,0.00,0.00
245584651,Redcliffe (AUS) 14th Jul,To Be Placed,14-07-2025 11:37,71846953,8. Esther Jean,1,2.98000000,1.0000,2.3657,1.00,1001.00,1.00,1001.00,278.68,0.00,0.00
245584655,Redcliffe (AUS) 14th Jul,To Be Placed,14-07-2025 12:33,40996835,3. Boulders Beach,1,1.29000000,1.0000,1.0299,1.00,1001.00,1.00,1001.00,3.78,0.00,0.00
245555161,Scone (AUS) 14th Jul,To Be Placed,14-07-2025 05:10,38014684,6. Croatian Madame,0,8.00000000,1.0000,3.2941,1.00,1001.00,1.00,1001.00,39.92,0.00,0.00
245584653,Redcliffe (AUS) 14th Jul,To Be Placed,14-07-2025 12:05,46291146,1. Three Chord Riff,0,2.46000000,1.0000,1.0000,1.00,1001.00,1.00,1001.00,0.00,0.00,0.00
245586715,Pinjarra (AUS) 14th Jul,To Be Placed,14-07-2025 05:45,24901183,5. Hotfoot It,0,4.60000000,1.0000,3.8999,1.00,1001.00,1.00,1001.00,219.68,0.00,0.00
245586715,Pinjarra (AUS) 14th Jul,To Be Placed,14-07-2025 05:45,85827737,7. Welloiled,0,17.50000000,1.0000,8.9334,1.00,1001.00,1.00,1001.00,5.95,0.00,0.00
245525903,Pakenham (AUS) 14th Jul,To Be Placed,14-07-2025 06:30,70421196,10. Everythingisautumn,0,3.85000000,1.0000,2.9324,1.00,1001.00,1.00,1001.00,455.13,0.00,0.00
245584635,Hamilton (AUS) 14th Jul,To Be Placed,14-07-2025 06:33,27453993,7. Tic Tact,0,27.00000000,1.0000,3.9964,1.00,1001.00,1.00,1001.00,5.70,0.00,0.00
245584635,Hamilton (AUS) 14th Jul,To Be Placed,14-07-2025 06:33,51149883,11. Plains In Heaven,0,2.61015565,1.0000,2.2331,1.00,1001.00,1.00,1001.00,68.10,0.00,0.00
245584595,Menangle (AUS) 14th Jul,To Be Placed,14-07-2025 06:40,28014984,4. All Night Long,0,42.00000000,1.0000,14.1541,1.00,1001.00,1.00,1001.00,9.08,0.00,0.00
245584643,Redcliffe (AUS) 14th Jul,To Be Placed,14-07-2025 09:38,57462767,7. Rocktime,1,4.70000000,1.0000,3.8082,1.00,1001.00,1.00,1001.00,110.98,0.00,0.00
245586713,Pinjarra (AUS) 14th Jul,To Be Placed,14-07-2025 05:09,5000687,4. Cocobolo,0,1.46569503,1.0000,1.4333,1.00,1001.00,1.00,1001.00,985.96,0.00,0.00
245586661,Globe Derby (AUS) 14th Jul,To Be Placed,14-07-2025 06:48,66805393,10. Love To Deal,0,38.00000000,1.0000,5.0900,1.00,1001.00,1.00,1001.00,25.98,0.00,0.00
245525895,Pakenham (AUS) 14th Jul,To Be Placed,14-07-2025 06:00,84777756,4. Ryanman,0,2.53898558,1.0000,2.2467,1.00,1001.00,1.00,1001.00,1112.98,0.00,0.00
245525879,Pakenham (AUS) 14th Jul,To Be Placed,14-07-2025 05:00,85854834,1. Emmcee,1,1.16000000,1.0000,1.1401,1.00,1001.00,1.00,1001.00,4956.65,0.00,0.00
245584641,Redcliffe (AUS) 14th Jul,To Be Placed,14-07-2025 09:03,38706960,2. Lulu Lucifer,0,6.60000000,1.0000,3.3950,1.00,1001.00,1.00,1001.00,130.70,0.00,0.00
245525887,Pakenham (AUS) 14th Jul,To Be Placed,14-07-2025 05:30,85320162,3. Brother Quickie,0,4.40000000,1.0000,2.8868,1.00,1001.00,1.00,1001.00,723.10,0.00,0.00
245586657,Globe Derby (AUS) 14th Jul,To Be Placed,14-07-2025 05:38,57413126,7. Majestic Summer,0,2.88000000,1.0000,2.6615,1.00,1001.00,1.00,1001.00,46.66,0.00,0.00
245525919,Pakenham (AUS) 14th Jul,To Be Placed,14-07-2025 07:30,73259332,13. Keane Enuff,1,3.75580800,1.0000,3.3004,1.00,1001.00,1.00,1001.00,311.03,0.00,0.00
245556131,Mount Isa (AUS) 14th Jul,To Be Placed,14-07-2025 03:40,85542725,7. Rosebery Terrace,0,2.48026034,1.0000,2.5176,1.00,1001.00,1.00,1001.00,140.61,0.00,0.00
245584651,Redcliffe (AUS) 14th Jul,To Be Placed,14-07-2025 11:37,65872523,1. Joe Cavalier,0,9.95473518,1.0000,2.8546,1.00,1001.00,1.00,1001.00,53.74,0.00,0.00
245586713,Pinjarra (AUS) 14th Jul,To Be Placed,14-07-2025 05:09,85827733,2. Trixie Dora,1,2.68000000,1.0000,2.9528,1.00,1001.00,1.00,1001.00,96.88,0.00,0.00
245525895,Pakenham (AUS) 14th Jul,To Be Placed,14-07-2025 06:00,77427583,7. Thundering Falcon,0,6.40000000,1.0000,5.0047,1.00,1001.00,1.00,1001.00,207.96,0.00,0.00
245525871,Pakenham (AUS) 14th Jul,To Be Placed,14-07-2025 04:30,5509383,12. Yeah Right,1,1.43000000,1.0000,1.3943,1.00,1001.00,1.00,1001.00,1712.76,0.00,0.00
245586663,Globe Derby (AUS) 14th Jul,To Be Placed,14-07-2025 07:23,59423602,3. Lochinvar Ruler,0,1.20000000,1.0000,1.2101,1.00,1001.00,1.00,1001.00,467.06,0.00,0.00
245586661,Globe Derby (AUS) 14th Jul,To Be Placed,14-07-2025 06:48,46676024,2. Aces Shadow,0,1.35000000,1.0000,1.3038,1.00,1001.00,1.00,1001.00,123.35,0.00,0.00
245584643,Redcliffe (AUS) 14th Jul,To Be Placed,14-07-2025 09:38,41420435,2. Aunty Frances,0,23.00000000,1.0000,12.0641,1.00,1001.00,1.00,1001.00,29.91,0.00,0.00
245586725,Pinjarra (AUS) 14th Jul,To Be Placed,14-07-2025 08:46,85555963,5. Stella Deliziosa,0,27.42924370,1.0000,15.5987,1.00,1001.00,1.00,1001.00,53.22,0.00,0.00
245586717,Pinjarra (AUS) 14th Jul,To Be Placed,14-07-2025 06:20,12396553,10. Dark Secret,0,3.80000000,1.0000,1.5919,1.00,1001.00,1.00,1001.00,35.88,0.00,0.00
245586723,Pinjarra (AUS) 14th Jul,To Be Placed,14-07-2025 08:11,85827739,12. Barbados,0,3.77109331,1.0000,1.9536,1.00,1001.00,1.00,1001.00,389.40,0.00,0.00
245525919,Pakenham (AUS) 14th Jul,To Be Placed,14-07-2025 07:30,56127222,5. Rich Lover,0,2.02310708,1.0000,1.7855,1.00,1001.00,1.00,1001.00,1621.42,0.00,0.00
245525895,Pakenham (AUS) 14th Jul,To Be Placed,14-07-2025 06:00,71587468,2. Big Kate,0,5.64271223,1.0000,4.9549,1.00,1001.00,1.00,1001.00,697.72,0.00,0.00
245555181,Scone (AUS) 14th Jul,To Be Placed,14-07-2025 07:40,770163,9. Desirous,0,7.00000000,1.0000,1.6390,1.00,1001.00,1.00,1001.00,96.39,0.00,0.00
245584598,Menangle (AUS) 14th Jul,To Be Placed,14-07-2025 07:15,45759607,8. Nothingbutwaves,0,14.50000000,1.0000,5.4584,1.00,1001.00,1.00,1001.00,18.75,0.00,0.00
245586721,Pinjarra (AUS) 14th Jul,To Be Placed,14-07-2025 07:33,72681094,10. Rocknroll Nugget,0,9.70789275,1.0000,3.1811,1.00,1001.00,1.00,1001.00,16.80,0.00,0.00
245584643,Redcliffe (AUS) 14th Jul,To Be Placed,14-07-2025 09:38,63324750,1. Feelin Flirty,0,11.00000000,1.0000,9.3850,1.00,1001.00,1.00,1001.00,53.46,0.00,0.00
245556146,Mount Isa (AUS) 14th Jul,To Be Placed,14-07-2025 05:35,31994394,4. Viburnum,1,2.84252067,1.0000,2.5652,1.00,1001.00,1.00,1001.00,641.21,0.00,0.00
245556141,Mount Isa (AUS) 14th Jul,To Be Placed,14-07-2025 04:55,3680179,1. Breaking Ground,0,23.00000000,1.0000,9.7800,1.00,1001.00,1.00,1001.00,127.88,0.00,0.00
245586667,Globe Derby (AUS) 14th Jul,To Be Placed,14-07-2025 08:32,57926066,7. Big Black Betty,0,4.60000000,1.0000,2.4679,1.00,1001.00,1.00,1001.00,29.98,0.00,0.00
245586661,Globe Derby (AUS) 14th Jul,To Be Placed,14-07-2025 06:48,8955787,6. Barney Fella,0,19.00000000,1.0000,5.6231,1.00,1001.00,1.00,1001.00,29.14,0.00,0.00
245584635,Hamilton (AUS) 14th Jul,To Be Placed,14-07-2025 06:33,39141834,2. Linxx,0,100.00000000,1.0000,11.4045,1.00,1001.00,1.00,1001.00,13.94,0.00,0.00
245584649,Redcliffe (AUS) 14th Jul,To Be Placed,14-07-2025 11:09,26325171,2. Lets Get Shorty,1,4.30000000,1.0000,3.2568,1.00,1001.00,1.00,1001.00,40.92,0.00,0.00
245584601,Menangle (AUS) 14th Jul,To Be Placed,14-07-2025 07:55,57882762,5. Tukaha,0,4.30000000,1.0000,3.3689,1.00,1001.00,1.00,1001.00,517.83,0.00,0.00
245584651,Redcliffe (AUS) 14th Jul,To Be Placed,14-07-2025 11:37,83917603,2. Rainbow Gambler,0,36.00000000,1.0000,14.5206,1.00,1001.00,1.00,1001.00,30.29,0.00,0.00
245525911,Pakenham (AUS) 14th Jul,To Be Placed,14-07-2025 07:00,61631181,1. All So Clear,1,1.74493965,1.0000,1.6951,1.00,1001.00,1.00,1001.00,3732.96,0.00,0.00
245584655,Redcliffe (AUS) 14th Jul,To Be Placed,14-07-2025 12:33,73657482,7. French Bubbles,1,1.59000000,1.0000,1.0000,1.00,1001.00,1.00,1001.00,0.00,0.00,0.00
245584583,Menangle (AUS) 14th Jul,To Be Placed,14-07-2025 04:15,85827728,2. Donnie Gal,1,13.03615731,1.0000,4.4207,1.00,1001.00,1.00,1001.00,22.54,0.00,0.00
245525919,Pakenham (AUS) 14th Jul,To Be Placed,14-07-2025 07:30,66579854,8. Happy Link,0,2.70515620,1.0000,2.0337,1.00,1001.00,1.00,1001.00,1590.56,0.00,0.00
245525887,Pakenham (AUS) 14th Jul,To Be Placed,14-07-2025 05:30,85854849,7. Okay Zoomer,0,1.94748732,1.0000,1.8584,1.00,1001.00,1.00,1001.00,2507.68,0.00,0.00
245584649,Redcliffe (AUS) 14th Jul,To Be Placed,14-07-2025 11:09,35672134,8. Prospectus,1,2.28000000,1.0000,1.9038,1.00,1001.00,1.00,1001.00,118.08,0.00,0.00
245584592,Menangle (AUS) 14th Jul,To Be Placed,14-07-2025 06:03,5150898,7. Playful Miss,0,2.62000000,1.0000,1.7812,1.00,1001.00,1.00,1001.00,30.08,0.00,0.00
245584589,Menangle (AUS) 14th Jul,To Be Placed,14-07-2025 05:25,79304177,2. Mickey Be Nimble,0,1.70241063,1.0000,1.3715,1.00,1001.00,1.00,1001.00,452.69,0.00,0.00
245525919,Pakenham (AUS) 14th Jul,To Be Placed,14-07-2025 07:30,85854868,10. Savvyrocker,1,4.70311700,1.0000,3.8965,1.00,1001.00,1.00,1001.00,333.25,0.00,0.00
245586715,Pinjarra (AUS) 14th Jul,To Be Placed,14-07-2025 05:45,9388262,6. Mango Tango,1,2.30000000,1.0000,1.8329,1.00,1001.00,1.00,1001.00,157.94,0.00,0.00
245525887,Pakenham (AUS) 14th Jul,To Be Placed,14-07-2025 05:30,85854850,9. Prophets Son,1,2.40000000,1.0000,2.2274,1.00,1001.00,1.00,1001.00,1755.97,0.00,0.00
245586671,Globe Derby (AUS) 14th Jul,To Be Placed,14-07-2025 09:26,40421424,5. Tranquil Bill,1,1.52000000,1.0000,1.4428,1.00,1001.00,1.00,1001.00,48.90,0.00,0.00
245584631,Hamilton (AUS) 14th Jul,To Be Placed,14-07-2025 05:17,43549404,10. Alook To Like,0,3.92500000,1.0000,3.9856,1.00,1001.00,1.00,1001.00,30.98,0.00,0.00
245584635,Hamilton (AUS) 14th Jul,To Be Placed,14-07-2025 06:33,60038649,5. Eastbro Kozzy,0,2.89893549,1.0000,2.7242,1.00,1001.00,1.00,1001.00,542.35,0.00,0.00
245584655,Redcliffe (AUS) 14th Jul,To Be Placed,14-07-2025 12:33,85780669,9. Saychelles,0,6.60000000,1.0000,1.0000,1.00,1001.00,1.00,1001.00,0.00,0.00,0.00
245586717,Pinjarra (AUS) 14th Jul,To Be Placed,14-07-2025 06:20,68685978,4. Mriya Dream,0,3.50000000,1.0000,2.8400,1.00,1001.00,1.00,1001.00,76.09,0.00,0.00
245525903,Pakenham (AUS) 14th Jul,To Be Placed,14-07-2025 06:30,61287786,8. Explicable,1,6.04833185,1.0000,3.0646,1.00,1001.00,1.00,1001.00,703.57,0.00,0.00
245584598,Menangle (AUS) 14th Jul,To Be Placed,14-07-2025 07:15,67336561,3. Theres Wally,0,2.14939753,1.0000,1.7493,1.00,1001.00,1.00,1001.00,844.29,0.00,0.00
245525919,Pakenham (AUS) 14th Jul,To Be Placed,14-07-2025 07:30,84267149,7. Pops Pipe,0,2.23620708,1.0000,2.0611,1.00,1001.00,1.00,1001.00,1169.32,0.00,0.00
